"","Time","ED_vehicle_id","LV_vehicle_id","Lane","ED_speed_mps","LV_speed_mps","ED_acc_mps2_lag","LV_acc_mps2_lag","ED_position_m_new","LV_position_m_new","LV_width_m","LV_length_m","LV_spacing_m","LV_frspacing_m","ED_jerk_mps3_lag"
"1",0,2117,2106,5,8.04759,9.62645,1.55465,-0.08244,50.28434,70.30226,2,5.1212,20.01792,14.89672,NA
"2",0.1,2117,2106,5,7.79538,9.61614,-2.52212,-0.10316,51.06388,71.26387,2,5.1212,20.19999,15.07879,-40.7677
"3",0.2,2117,2106,5,7.91884,9.59974,1.23465,-0.16401,51.85576,72.22384,2,5.1212,20.36808,15.24688,37.5677
"4",0.3,2117,2106,5,8.0385,9.57237,1.1966,-0.27361,52.65961,73.18108,2,5.1212,20.52147,15.40027,-0.380499999999999
"5",0.4,2117,2106,5,8.14564,9.52746,1.07138,-0.44917,53.47417,74.13383,2,5.1212,20.65966,15.53846,-1.2522
"6",0.5,2117,2106,5,8.23359,9.45645,0.87947,-0.71005,54.29753,75.07947,2,5.1212,20.78194,15.66074,-1.9191
"7",0.6,2117,2106,5,8.30241,9.35187,0.68826,-1.04586,55.12777,76.01466,2,5.1212,20.88689,15.76569,-1.9121
"8",0.7,2117,2106,5,8.35871,9.21434,0.56298,-1.37525,55.96365,76.93609,2,5.1212,20.97244,15.85124,-1.2528
"9",0.8,2117,2106,5,8.41285,9.05515,0.5414,-1.5919,56.80493,77.84161,2,5.1212,21.03668,15.91548,-0.2158
"10",0.9,2117,2106,5,8.47729,8.88844,0.64435,-1.66708,57.65266,78.73045,2,5.1212,21.07779,15.95659,1.0295
"11",1,2117,2106,5,8.56802,8.7234,0.90737,-1.65043,58.50946,79.60279,2,5.1212,21.09333,15.97213,2.6302
"12",1.1,2117,2106,5,8.70494,8.56396,1.36911,-1.59441,59.37996,80.45919,2,5.1212,21.07923,15.95803,4.6174
"13",1.2,2117,2106,5,8.89769,8.41148,1.9275,-1.52483,60.26972,81.30034,2,5.1212,21.03062,15.90942,5.5839
"14",1.3,2117,2106,5,9.13424,8.26631,2.36553,-1.45167,61.18315,82.12697,2,5.1212,20.94382,15.82262,4.3803
"15",1.4,2117,2106,5,9.3945,8.12847,2.6026,-1.37837,62.1226,82.93981,2,5.1212,20.81721,15.69601,2.3707
"16",1.5,2117,2106,5,9.66283,7.99789,2.68334,-1.30585,63.08888,83.7396,2,5.1212,20.65072,15.52952,0.8074
"17",1.6,2117,2106,5,9.92551,7.87447,2.62676,-1.23418,64.08143,84.52705,2,5.1212,20.44562,15.32442,-0.565799999999999
"18",1.7,2117,2106,5,10.16703,7.75815,2.4152,-1.16315,65.09813,85.30286,2,5.1212,20.20473,15.08353,-2.1156
"19",1.8,2117,2106,5,10.369,7.6489,2.01967,-1.09258,66.13503,86.06775,2,5.1212,19.93272,14.81152,-3.9553
"20",1.9,2117,2106,5,10.5114,7.54667,1.424,-1.02229,67.18617,86.82242,2,5.1212,19.63625,14.51505,-5.9567
"21",2,2117,2106,5,10.57742,7.45145,0.66027,-0.95217,68.24392,87.56757,2,5.1212,19.32365,14.20245,-7.6373
"22",2.1,2117,2106,5,10.56466,7.36324,-0.12767,-0.88216,69.30038,88.30389,2,5.1212,19.00351,13.88231,-7.8794
"23",2.2,2117,2106,5,10.50839,7.28201,-0.56267,-0.81221,70.35122,89.03209,2,5.1212,18.68087,13.55967,-4.35
"24",2.3,2117,2106,5,10.4593,7.20779,-0.49083,-0.74229,71.39715,89.75287,2,5.1212,18.35572,13.23452,0.7184
"25",2.4,2117,2106,5,10.429,7.14055,-0.30303,-0.67239,72.44005,90.46692,2,5.1212,18.02687,12.90567,1.878
"26",2.5,2117,2106,5,10.40437,7.0803,-0.24627,-0.60251,73.48049,91.17495,2,5.1212,17.69446,12.57326,0.5676
"27",2.6,2117,2106,5,10.37728,7.02703,-0.2709,-0.53263,74.51822,91.87766,2,5.1212,17.35944,12.23824,-0.2463
"28",2.7,2117,2106,5,10.33845,6.98076,-0.38839,-0.46275,75.55206,92.57573,2,5.1212,17.02367,11.90247,-1.1749
"29",2.8,2117,2106,5,10.26293,6.94147,-0.75515,-0.39288,76.57835,93.26988,2,5.1212,16.69153,11.57033,-3.6676
"30",2.9,2117,2106,5,10.10734,6.90917,-1.55594,-0.323,77.58909,93.9608,2,5.1212,16.37171,11.25051,-8.0079
"31",3,2117,2106,5,9.84389,6.88386,-2.63446,-0.25313,78.57348,94.64918,2,5.1212,16.0757,10.9545,-10.7852
"32",3.1,2117,2106,5,9.48966,6.86553,-3.54231,-0.18326,79.52244,95.33574,2,5.1212,15.8133,10.6921,-9.0785
"33",3.2,2117,2106,5,9.08756,6.85419,-4.02103,-0.11339,80.4312,96.02116,2,5.1212,15.58996,10.46876,-4.7872
"34",3.3,2117,2106,5,8.6803,6.84984,-4.07254,-0.04351,81.29923,96.70614,2,5.1212,15.40691,10.28571,-0.515100000000004
"35",3.4,2117,2106,5,8.307,6.85248,-3.73304,0.02636,82.12993,97.39139,2,5.1212,15.26146,10.14026,3.395
"36",3.5,2117,2106,5,8.00387,6.8621,-3.03128,0.09622,82.93031,98.0776,2,5.1212,15.14729,10.02609,7.0176
"37",3.6,2117,2106,5,7.7989,6.8787,-2.04967,0.16607,83.7102,98.76547,2,5.1212,15.05527,9.93406999999999,9.8161
"38",3.7,2117,2106,5,7.69757,6.90229,-1.01329,0.23588,84.47996,99.4557,2,5.1212,14.97574,9.85453999999999,10.3638
"39",3.8,2117,2106,5,7.65261,6.93285,-0.44958,0.3056,85.24522,100.14898,2,5.1212,14.90376,9.78255999999999,5.6371
"40",3.9,2117,2106,5,7.58578,6.97036,-0.66831,0.37512,86.0038,100.84602,2,5.1212,14.84222,9.72102,-2.1873
"41",4,2117,2106,5,7.46312,7.01478,-1.22659,0.44421,86.75011,101.5475,2,5.1212,14.79739,9.67618999999999,-5.5828
"42",4.1,2117,2106,5,7.3029,7.06602,-1.60224,0.51233,87.4804,102.2541,2,5.1212,14.7737,9.65249999999999,-3.7565
"43",4.2,2117,2106,5,7.13898,7.12385,-1.63925,0.57835,88.1943,102.96648,2,5.1212,14.77218,9.65098000000001,-0.3701
"44",4.3,2117,2106,5,6.99924,7.18784,-1.39734,0.63987,88.89423,103.68527,2,5.1212,14.79104,9.66984000000001,2.4191
"45",4.4,2117,2106,5,6.89524,7.25702,-1.04002,0.6918,89.58375,104.41097,2,5.1212,14.82722,9.70602000000001,3.5732
"46",4.5,2117,2106,5,6.82569,7.32936,-0.69553,0.72337,90.26632,105.1439,2,5.1212,14.87758,9.75638000000001,3.4449
"47",4.6,2117,2106,5,6.78401,7.40085,-0.41679,0.71491,90.94472,105.88399,2,5.1212,14.93927,9.81806999999999,2.7874
"48",4.7,2117,2106,5,6.76351,7.46547,-0.20496,0.64627,91.62107,106.63054,2,5.1212,15.00947,9.88826999999999,2.1183
"49",4.8,2117,2106,5,6.75917,7.51762,-0.04339,0.52141,92.29699,107.3823,2,5.1212,15.08531,9.96411000000001,1.6157
"50",4.9,2117,2106,5,6.77247,7.55512,0.13295,0.37501,92.97423,108.13781,2,5.1212,15.16358,10.04238,1.7634
"51",5,2117,2106,5,6.81689,7.57948,0.44421,0.24367,93.65592,108.89576,2,5.1212,15.23984,10.11864,3.1126
"52",5.1,2117,2106,5,6.90569,7.59371,0.88806,0.14222,94.34649,109.65513,2,5.1212,15.30864,10.18744,4.4385
"53",5.2,2117,2106,5,7.02874,7.60041,1.23048,0.06702,95.04937,110.41517,2,5.1212,15.3658,10.2446,3.4242
"54",5.3,2117,2106,5,7.15463,7.60107,1.25892,0.00664,95.76483,111.17528,2,5.1212,15.41045,10.28925,0.2844
"55",5.4,2117,2106,5,7.25661,7.5959,1.01979,-0.05169,96.49049,111.93487,2,5.1212,15.44438,10.32318,-2.3913
"56",5.5,2117,2106,5,7.32563,7.58396,0.6902,-0.11943,97.22305,112.69326,2,5.1212,15.47021,10.34901,-3.2959
"57",5.6,2117,2106,5,7.36347,7.56346,0.3784,-0.205,97.9594,113.44961,2,5.1212,15.49021,10.36901,-3.118
"58",5.7,2117,2106,5,7.37413,7.5328,0.10654,-0.30659,98.69681,114.20289,2,5.1212,15.50608,10.38488,-2.7186
"59",5.8,2117,2106,5,7.35914,7.49404,-0.14989,-0.38757,99.43273,114.95229,2,5.1212,15.51956,10.39836,-2.5643
"60",5.9,2117,2106,5,7.31371,7.45719,-0.45428,-0.36854,100.1641,115.69801,2,5.1212,15.53391,10.41271,-3.0439
"61",6,2117,2106,5,7.23159,7.43669,-0.82117,-0.20497,100.88726,116.44168,2,5.1212,15.55442,10.43322,-3.6689
"62",6.1,2117,2106,5,7.11903,7.44055,-1.12562,0.03862,101.59916,117.18574,2,5.1212,15.58658,10.46538,-3.0445
"63",6.2,2117,2106,5,6.99765,7.46589,-1.21382,0.25339,102.29893,117.93233,2,5.1212,15.6334,10.5122,-0.881999999999998
"64",6.3,2117,2106,5,6.89275,7.50428,-1.04898,0.38391,102.9882,118.68275,2,5.1212,15.69455,10.57335,1.6484
"65",6.4,2117,2106,5,6.82129,7.54741,-0.71457,0.43129,103.67033,119.4375,2,5.1212,15.76717,10.64597,3.3441
"66",6.5,2117,2106,5,6.78626,7.589,-0.35031,0.41583,104.34896,120.1964,2,5.1212,15.84744,10.72624,3.6426
"67",6.6,2117,2106,5,6.7803,7.62479,-0.0596,0.35792,105.02699,120.95887,2,5.1212,15.93188,10.81068,2.9071
"68",6.7,2117,2106,5,6.79282,7.65209,0.1252,0.27306,105.70627,121.72408,2,5.1212,16.01781,10.89661,1.848
"69",6.8,2117,2106,5,6.81155,7.66927,0.18733,0.17177,106.38742,122.49101,2,5.1212,16.10359,10.98239,0.6213
"70",6.9,2117,2106,5,6.8239,7.67535,0.12346,0.06075,107.06981,123.25855,2,5.1212,16.18874,11.06754,-0.6387
"71",7,2117,2106,5,6.82266,7.66975,-0.0124,-0.05592,107.75208,124.02552,2,5.1212,16.27344,11.15224,-1.3586
"72",7.1,2117,2106,5,6.80844,7.65218,-0.14219,-0.17577,108.43292,124.79074,2,5.1212,16.35782,11.23662,-1.2979
"73",7.2,2117,2106,5,6.78596,7.62244,-0.22477,-0.29734,109.11152,125.55298,2,5.1212,16.44146,11.32026,-0.8258
"74",7.3,2117,2106,5,6.76019,7.58047,-0.2577,-0.41971,109.78754,126.31103,2,5.1212,16.52349,11.40229,-0.3293
"75",7.4,2117,2106,5,6.73496,7.52625,-0.25235,-0.54226,110.46103,127.06365,2,5.1212,16.60262,11.48142,0.0534999999999997
"76",7.5,2117,2106,5,6.71286,7.45981,-0.22097,-0.6644,111.13232,127.80964,2,5.1212,16.67732,11.55612,0.3138
"77",7.6,2117,2106,5,6.69555,7.38127,-0.17315,-0.78539,111.80188,128.54776,2,5.1212,16.74588,11.62468,0.4782
"78",7.7,2117,2106,5,6.68398,7.29085,-0.11564,-0.90414,112.47027,129.27685,2,5.1212,16.80658,11.68538,0.5751
"79",7.8,2117,2106,5,6.67868,7.18897,-0.05304,-1.01882,113.13814,129.99574,2,5.1212,16.8576,11.7364,0.626
"80",7.9,2117,2106,5,6.67981,7.07634,0.01131,-1.12631,113.80612,130.70338,2,5.1212,16.89726,11.77606,0.6435
"81",8,2117,2106,5,6.68726,6.95419,0.07447,-1.22146,114.47485,131.3988,2,5.1212,16.92395,11.80275,0.6316
"82",8.1,2117,2106,5,6.70057,6.82461,0.13316,-1.29583,115.14491,132.08126,2,5.1212,16.93635,11.81515,0.5869
"83",8.2,2117,2106,5,6.71885,6.69099,0.18277,-1.33622,115.81679,132.75036,2,5.1212,16.93357,11.81237,0.4961
"84",8.3,2117,2106,5,6.74048,6.55866,0.21625,-1.32333,116.49084,133.40622,2,5.1212,16.91538,11.79418,0.3348
"85",8.4,2117,2106,5,6.76275,6.43528,0.22272,-1.23379,117.16711,134.04975,2,5.1212,16.88264,11.76144,0.0647
"86",8.5,2117,2106,5,6.78134,6.32964,0.18595,-1.05633,117.84525,134.68272,2,5.1212,16.83747,11.71627,-0.3677
"87",8.6,2117,2106,5,6.78974,6.24795,0.08395,-0.81693,118.52422,135.30751,2,5.1212,16.78329,11.66209,-1.02
"88",8.7,2117,2106,5,6.779,6.19061,-0.10736,-0.57341,119.20212,135.92657,2,5.1212,16.72445,11.60325,-1.9131
"89",8.8,2117,2106,5,6.73922,6.15325,-0.39785,-0.37363,119.87604,136.5419,2,5.1212,16.66586,11.54466,-2.9049
"90",8.9,2117,2106,5,6.66453,6.13013,-0.7469,-0.23115,120.5425,137.15491,2,5.1212,16.61241,11.49121,-3.4905
"91",9,2117,2106,5,6.56001,6.11642,-1.04517,-0.13714,121.1985,137.76655,2,5.1212,16.56805,11.44685,-2.9827
"92",9.1,2117,2106,5,6.44268,6.10867,-1.17327,-0.07743,121.84276,138.37742,2,5.1212,16.53466,11.41346,-1.281
"93",9.2,2117,2106,5,6.33331,6.10471,-1.09374,-0.03969,122.4761,138.98789,2,5.1212,16.51179,11.39059,0.795300000000001
"94",9.3,2117,2106,5,6.24541,6.10324,-0.87895,-0.01463,123.10064,139.59821,2,5.1212,16.49757,11.37637,2.1479
"95",9.4,2117,2106,5,6.18031,6.10376,-0.651,0.00518,123.71867,140.20859,2,5.1212,16.48992,11.36872,2.2795
"96",9.5,2117,2106,5,6.13143,6.10639,-0.48887,0.02632,124.33181,140.81923,2,5.1212,16.48742,11.36622,1.6213
"97",9.6,2117,2106,5,6.09125,6.11185,-0.40174,0.05461,124.94094,141.43041,2,5.1212,16.48947,11.36827,0.8713
"98",9.7,2117,2106,5,6.05388,6.1214,-0.37376,0.0955,125.54632,142.04255,2,5.1212,16.49623,11.37503,0.2798
"99",9.8,2117,2106,5,6.01511,6.13678,-0.3877,0.15374,126.14783,142.65623,2,5.1212,16.5084,11.3872,-0.1394
"100",9.9,2117,2106,5,5.97282,6.15982,-0.42285,0.23043,126.74512,143.27222,2,5.1212,16.5271,11.4059,-0.3515
"101",10,2117,2106,5,5.92631,6.19063,-0.46513,0.30813,127.33775,143.89128,2,5.1212,16.55353,11.43233,-0.4228
"102",10.1,2117,2106,5,5.87515,6.2227,-0.51158,0.32069,127.92526,144.51355,2,5.1212,16.58829,11.46709,-0.4645
"103",10.2,2117,2106,5,5.81887,6.24003,-0.56279,0.17325,128.50715,145.13755,2,5.1212,16.6304,11.5092,-0.5121
"104",10.3,2117,2106,5,5.75699,6.22502,-0.61883,-0.15013,129.08285,145.76005,2,5.1212,16.6772,11.556,-0.5604
"105",10.4,2117,2106,5,5.68901,6.17099,-0.67981,-0.54021,129.65175,146.37715,2,5.1212,16.7254,11.6042,-0.6098
"106",10.5,2117,2106,5,5.61435,6.08426,-0.7466,-0.86738,130.21318,146.98558,2,5.1212,16.7724,11.6512,-0.6679
"107",10.6,2117,2106,5,5.53224,5.97646,-0.82104,-1.07796,130.76641,147.58322,2,5.1212,16.81681,11.69561,-0.7444
"108",10.7,2117,2106,5,5.44165,5.85832,-0.9059,-1.18138,131.31057,148.16906,2,5.1212,16.85849,11.73729,-0.8486
"109",10.8,2117,2106,5,5.34126,5.73774,-1.00394,-1.20586,131.8447,148.74283,2,5.1212,16.89813,11.77693,-0.9804
"110",10.9,2117,2106,5,5.22979,5.61996,-1.11464,-1.17773,132.36768,149.30483,2,5.1212,16.93715,11.81595,-1.107
"111",11,2117,2106,5,5.1073,5.50832,-1.22494,-1.11647,132.87841,149.85566,2,5.1212,16.97725,11.85605,-1.103
"112",11.1,2117,2106,5,4.97789,5.4048,-1.29413,-1.03512,133.3762,150.39614,2,5.1212,17.01994,11.89874,-0.691900000000001
"113",11.2,2117,2106,5,4.8513,5.31062,-1.26589,-0.94189,133.86133,150.9272,2,5.1212,17.06587,11.94467,0.2824
"114",11.3,2117,2106,5,4.73789,5.22644,-1.13413,-0.84179,134.33511,151.44984,2,5.1212,17.11473,11.99353,1.3176
"115",11.4,2117,2106,5,4.64021,5.15266,-0.9767,-0.73776,134.79914,151.96511,2,5.1212,17.16597,12.04477,1.5743
"116",11.5,2117,2106,5,4.55091,5.08951,-0.89303,-0.63155,135.25423,152.47406,2,5.1212,17.21983,12.09863,0.8367
"117",11.6,2117,2106,5,4.45706,5.03709,-0.93849,-0.52416,135.69993,152.97777,2,5.1212,17.27784,12.15664,-0.454600000000001
"118",11.7,2117,2106,5,4.34869,4.99547,-1.08369,-0.4162,136.1348,153.47732,2,5.1212,17.34252,12.22132,-1.452
"119",11.8,2117,2106,5,4.22883,4.96466,-1.19867,-0.30807,136.55769,153.97378,2,5.1212,17.41609,12.29489,-1.1498
"120",11.9,2117,2106,5,4.11344,4.94465,-1.15387,-0.20013,136.96903,154.46825,2,5.1212,17.49922,12.37802,0.448
"121",12,2117,2106,5,4.01925,4.93537,-0.94189,-0.09279,137.37095,154.96178,2,5.1212,17.59083,12.46963,2.1198
"122",12.1,2117,2106,5,3.95452,4.9367,-0.64732,0.01332,137.76641,155.45546,2,5.1212,17.68905,12.56785,2.9457
"123",12.2,2117,2106,5,3.92044,4.94842,-0.34074,0.11715,138.15845,155.9503,2,5.1212,17.79185,12.67065,3.0658
"124",12.3,2117,2106,5,3.91633,4.97011,-0.04115,0.21691,138.55008,156.44731,2,5.1212,17.89723,12.77603,2.9959
"125",12.4,2117,2106,5,3.94515,5.00106,0.28823,0.3095,138.9446,156.94741,2,5.1212,18.00281,12.88161,3.2938
"126",12.5,2117,2106,5,4.0199,5.04003,0.74748,0.38972,139.34659,157.45142,2,5.1212,18.10483,12.98363,4.5925
"127",12.6,2117,2106,5,4.15128,5.08492,1.31377,0.44893,139.76172,157.95991,2,5.1212,18.19819,13.07699,5.6629
"128",12.7,2117,2106,5,4.32514,5.13227,1.73858,0.47346,140.19423,158.47314,2,5.1212,18.27891,13.15771,4.2481
"129",12.8,2117,2106,5,4.50832,5.17654,1.8319,0.44266,140.64506,158.99079,2,5.1212,18.34573,13.22453,0.933200000000001
"130",12.9,2117,2106,5,4.66719,5.20937,1.58862,0.32837,141.11178,159.51173,2,5.1212,18.39995,13.27875,-2.4328
"131",13,2117,2106,5,4.77358,5.21932,1.06396,0.09944,141.58914,160.03366,2,5.1212,18.44452,13.32332,-5.2466
"132",13.1,2117,2106,5,4.80831,5.19352,0.34724,-0.25791,142.06997,160.55301,2,5.1212,18.48304,13.36184,-7.1672
"133",13.2,2117,2106,5,4.76958,5.12417,-0.38723,-0.69351,142.54693,161.06543,2,5.1212,18.5185,13.3973,-7.3447
"134",13.3,2117,2106,5,4.69043,5.01766,-0.79158,-1.0651,143.01597,161.56719,2,5.1212,18.55122,13.43002,-4.0435
"135",13.4,2117,2106,5,4.61662,4.89588,-0.7381,-1.21784,143.47763,162.05678,2,5.1212,18.57915,13.45795,0.5348
"136",13.5,2117,2106,5,4.55815,4.78729,-0.58467,-1.08587,143.93345,162.53551,2,5.1212,18.60206,13.48086,1.5343
"137",13.6,2117,2106,5,4.49959,4.72139,-0.58561,-0.65901,144.38341,163.00765,2,5.1212,18.62424,13.50304,-0.00939999999999941
"138",13.7,2117,2106,5,4.42929,4.71856,-0.70293,-0.02827,144.82634,163.47951,2,5.1212,18.65317,13.53197,-1.1732
"139",13.8,2117,2106,5,4.3493,4.76428,-0.79998,0.45719,145.26126,163.95594,2,5.1212,18.69468,13.57348,-0.9705
"140",13.9,2117,2106,5,4.2755,4.80923,-0.73792,0.44943,145.68882,164.43686,2,5.1212,18.74804,13.62684,0.6206
"141",14,2117,2106,5,4.22223,4.81414,-0.53269,0.04914,146.11104,164.91827,2,5.1212,18.80723,13.68603,2.0523
"142",14.1,2117,2106,5,4.1929,4.7792,-0.29338,-0.34939,146.53033,165.39619,2,5.1212,18.86586,13.74466,2.3931
"143",14.2,2117,2106,5,4.1851,4.72729,-0.07795,-0.51913,146.94884,165.86892,2,5.1212,18.92008,13.79888,2.1543
"144",14.3,2117,2106,5,4.19733,4.67838,0.12229,-0.48912,147.36857,166.33676,2,5.1212,18.96819,13.84699,2.0024
"145",14.4,2117,2106,5,4.23042,4.64137,0.33092,-0.37011,147.79161,166.8009,2,5.1212,19.00929,13.88809,2.0863
"146",14.5,2117,2106,5,4.28832,4.61776,0.57895,-0.23603,148.22045,167.26267,2,5.1212,19.04222,13.92102,2.4803
"147",14.6,2117,2106,5,4.38152,4.6071,0.93207,-0.10659,148.6586,167.72338,2,5.1212,19.06478,13.94358,3.5312
"148",14.7,2117,2106,5,4.52174,4.61063,1.40216,0.03528,149.11077,168.18445,2,5.1212,19.07368,13.95248,4.7009
"149",14.8,2117,2106,5,4.70406,4.6351,1.82323,0.2447,149.58118,168.64796,2,5.1212,19.06678,13.94558,4.2107
"150",14.9,2117,2106,5,4.90553,4.6889,2.01464,0.53799,150.07173,169.11685,2,5.1212,19.04512,13.92392,1.9141
"151",15,2117,2106,5,5.10284,4.76099,1.97308,0.72087,150.58202,169.59294,2,5.1212,19.01092,13.88972,-0.4156
"152",15.1,2117,2106,5,5.2792,4.81453,1.76361,0.5354,151.10993,170.0744,2,5.1212,18.96447,13.84327,-2.0947
"153",15.2,2117,2106,5,5.42106,4.82051,1.41862,0.05982,151.65204,170.55645,2,5.1212,18.90441,13.78321,-3.4499
"154",15.3,2117,2106,5,5.51666,4.78425,0.95603,-0.36262,152.20371,171.03487,2,5.1212,18.83116,13.70996,-4.6259
"155",15.4,2117,2106,5,5.55562,4.73072,0.38962,-0.5353,152.75927,171.50794,2,5.1212,18.74867,13.62747,-5.6641
"156",15.5,2117,2106,5,5.52936,4.68042,-0.26264,-0.50297,153.31221,171.97599,2,5.1212,18.66378,13.54258,-6.5226
"157",15.6,2117,2106,5,5.43254,4.64207,-0.96824,-0.38352,153.85546,172.44019,2,5.1212,18.58473,13.46353,-7.056
"158",15.7,2117,2106,5,5.26625,4.61652,-1.66288,-0.25548,154.38208,172.90185,2,5.1212,18.51977,13.39857,-6.9464
"159",15.8,2117,2106,5,5.04443,4.60177,-2.2182,-0.14749,154.88653,173.36202,2,5.1212,18.47549,13.35429,-5.5532
"160",15.9,2117,2106,5,4.80627,4.5956,-2.38162,-0.06168,155.36715,173.82158,2,5.1212,18.45443,13.33323,-1.6342
"161",16,2117,2106,5,4.60132,4.59721,-2.04948,0.01603,155.82729,174.2813,2,5.1212,18.45401,13.33281,3.3214
"162",16.1,2117,2106,5,4.4511,4.60903,-1.50213,0.11824,156.2724,174.74221,2,5.1212,18.46981,13.34861,5.4735
"163",16.2,2117,2106,5,4.3499,4.63692,-1.0121,0.27892,156.70739,175.2059,2,5.1212,18.49851,13.37731,4.9003
"164",16.3,2117,2106,5,4.28554,4.6866,-0.64353,0.49675,157.13594,175.67456,2,5.1212,18.53862,13.41742,3.6857
"165",16.4,2117,2106,5,4.24623,4.75865,-0.39312,0.72053,157.56056,176.15042,2,5.1212,18.58986,13.46866,2.5041
"166",16.5,2117,2106,5,4.2229,4.84517,-0.23327,0.86517,157.98285,176.63494,2,5.1212,18.65209,13.53089,1.5985
"167",16.6,2117,2106,5,4.20939,4.92865,-0.13516,0.83487,158.40379,177.1278,2,5.1212,18.72401,13.60281,0.9811
"168",16.7,2117,2106,5,4.20176,4.98461,-0.07623,0.55957,158.82397,177.62627,2,5.1212,18.8023,13.6811,0.5893
"169",16.8,2117,2106,5,4.19768,4.99155,-0.04084,0.06934,159.24374,178.12542,2,5.1212,18.88168,13.76048,0.3539
"170",16.9,2117,2106,5,4.19582,4.94605,-0.01855,-0.45492,159.66332,178.62003,2,5.1212,18.95671,13.83551,0.2229
"171",17,2117,2106,5,4.19561,4.86736,-0.00218,-0.78696,160.08288,179.10676,2,5.1212,19.02388,13.90268,0.1637
"172",17.1,2117,2106,5,4.197,4.78304,0.01398,-0.84315,160.50258,179.58507,2,5.1212,19.08249,13.96129,0.1616
"173",17.2,2117,2106,5,4.2006,4.71192,0.03593,-0.71124,160.92264,180.05626,2,5.1212,19.13362,14.01242,0.2195
"174",17.3,2117,2106,5,4.20789,4.65981,0.07289,-0.52111,161.34343,180.52224,2,5.1212,19.17881,14.05761,0.3696
"175",17.4,2117,2106,5,4.22131,4.62463,0.13426,-0.35176,161.76556,180.9847,2,5.1212,19.21914,14.09794,0.6137
"176",17.5,2117,2106,5,4.24524,4.60173,0.23923,-0.22901,162.19008,181.44487,2,5.1212,19.25479,14.13359,1.0497
"177",17.6,2117,2106,5,4.29059,4.5865,0.45351,-0.1523,162.61914,181.90352,2,5.1212,19.28438,14.16318,2.1428
"178",17.7,2117,2106,5,4.37272,4.57506,0.82133,-0.11438,163.05641,182.36103,2,5.1212,19.30462,14.18342,3.6782
"179",17.8,2117,2106,5,4.49337,4.564,1.20654,-0.11063,163.50575,182.81743,2,5.1212,19.31168,14.19048,3.8521
"180",17.9,2117,2106,5,4.63081,4.54967,1.37434,-0.14325,163.96883,183.2724,2,5.1212,19.30357,14.18237,1.678
"181",18,2117,2106,5,4.75646,4.52739,1.25648,-0.22281,164.44448,183.72514,2,5.1212,19.28066,14.15946,-1.1786
"182",18.1,2117,2106,5,4.85441,4.49067,0.97949,-0.3672,164.92992,184.1742,2,5.1212,19.24428,14.12308,-2.7699
"183",18.2,2117,2106,5,4.92342,4.42766,0.69013,-0.63006,165.42226,184.61697,2,5.1212,19.19471,14.07351,-2.8936
"184",18.3,2117,2106,5,4.96969,4.31645,0.46269,-1.11211,165.91923,185.04861,2,5.1212,19.12938,14.00818,-2.2744
"185",18.4,2117,2106,5,5.00087,4.1386,0.31179,-1.77856,166.41932,185.46247,2,5.1212,19.04315,13.92195,-1.509
"186",18.5,2117,2106,5,5.02362,3.90801,0.22751,-2.30591,166.92168,185.85328,2,5.1212,18.9316,13.8104,-0.8428
"187",18.6,2117,2106,5,5.04376,3.6705,0.20145,-2.37509,167.42605,186.22033,2,5.1212,18.79428,13.67308,-0.2606
"188",18.7,2117,2106,5,5.06582,3.46881,0.22053,-2.01693,167.93264,186.56721,2,5.1212,18.63457,13.51337,0.1908
"189",18.8,2117,2106,5,5.09059,3.32005,0.24773,-1.48756,168.44169,186.89921,2,5.1212,18.45752,13.33632,0.272
"190",18.9,2117,2106,5,5.11491,3.22118,0.2432,-0.9887,168.95318,187.22133,2,5.1212,18.26815,13.14695,-0.0453000000000001
"191",19,2117,2106,5,5.13486,3.16095,0.19953,-0.60233,169.46667,187.53742,2,5.1212,18.07075,12.94955,-0.4367
"192",19.1,2117,2106,5,5.14836,3.12588,0.13495,-0.35063,169.98151,187.85001,2,5.1212,17.8685,12.7473,-0.6458
"193",19.2,2117,2106,5,5.15494,3.10369,0.06588,-0.22189,170.497,188.16038,2,5.1212,17.66338,12.54218,-0.6907
"194",19.3,2117,2106,5,5.15451,3.0871,-0.00432,-0.16593,171.01245,188.46909,2,5.1212,17.45664,12.33544,-0.702
"195",19.4,2117,2106,5,5.14659,3.07413,-0.07917,-0.12974,171.52711,188.7765,2,5.1212,17.24939,12.12819,-0.7485
"196",19.5,2117,2106,5,5.1297,3.06466,-0.16896,-0.09464,172.04008,189.08297,2,5.1212,17.04289,11.92169,-0.8979
"197",19.6,2117,2106,5,5.0994,3.05829,-0.30299,-0.06375,172.55002,189.3888,2,5.1212,16.83878,11.71758,-1.3403
"198",19.7,2117,2106,5,5.05057,3.05424,-0.48834,-0.0405,173.05508,189.69422,2,5.1212,16.63914,11.51794,-1.8535
"199",19.8,2117,2106,5,4.98555,3.05177,-0.65012,-0.02471,173.55363,189.9994,2,5.1212,16.44577,11.32457,-1.6178
"200",19.9,2117,2106,5,4.91619,3.0503,-0.69364,-0.01465,174.04525,190.30443,2,5.1212,16.25918,11.13798,-0.4352
"201",20,2117,2106,5,4.8552,3.04945,-0.60989,-0.00848,174.53077,190.60938,2,5.1212,16.07861,10.95741,0.8375
"202",20.1,2117,2106,5,4.80887,3.04898,-0.46335,-0.00478,175.01166,190.91427,2,5.1212,15.90261,10.78141,1.4654
"203",20.2,2117,2106,5,4.77714,3.04872,-0.31731,-0.00253,175.48937,191.21915,2,5.1212,15.72978,10.60858,1.4604
"204",20.3,2117,2106,5,4.75703,3.04862,-0.20103,-0.00106,175.96508,191.52401,2,5.1212,15.55893,10.43773,1.1628
"205",20.4,2117,2106,5,4.74521,3.04863,-0.11818,0.00013,176.4396,191.82887,2,5.1212,15.38927,10.26807,0.8285
"206",20.5,2117,2106,5,4.73892,3.04878,-0.06297,0.00153,176.91349,192.13375,2,5.1212,15.22026,10.09906,0.5521
"207",20.6,2117,2106,5,4.73619,3.04916,-0.02724,0.0038,177.38711,192.43867,2,5.1212,15.05156,9.93035999999999,0.3573
"208",20.7,2117,2106,5,4.73581,3.04997,-0.00381,0.00806,177.86069,192.74366,2,5.1212,14.88297,9.76177,0.2343
"209",20.8,2117,2106,5,4.73645,3.05162,0.00641,0.0165,178.33434,193.04882,2,5.1212,14.71448,9.59328000000001,0.1022
"210",20.9,2117,2106,5,4.73656,3.05496,0.00111,0.03341,178.80799,193.35432,2,5.1212,14.54633,9.42513000000001,-0.053
"211",21,2117,2106,5,4.73568,3.06171,-0.00884,0.06745,179.28156,193.66049,2,5.1212,14.37893,9.25773,-0.0995
"212",21.1,2117,2106,5,4.73481,3.07513,-0.00869,0.13427,179.75504,193.968,2,5.1212,14.21296,9.09175999999998,0.00150000000000001
"213",21.2,2117,2106,5,4.73534,3.10129,0.00532,0.26162,180.22857,194.27813,2,5.1212,14.04956,8.92836000000001,0.1401
"214",21.3,2117,2106,5,4.7385,3.15225,0.03155,0.5096,180.70242,194.59336,2,5.1212,13.89094,8.76974,0.2623
"215",21.4,2117,2106,5,4.74544,3.24332,0.0694,0.91065,181.17697,194.91769,2,5.1212,13.74072,8.61951999999998,0.3785
"216",21.5,2117,2106,5,4.75774,3.37774,0.12304,1.34423,181.65274,195.25546,2,5.1212,13.60272,8.48152000000001,0.5364
"217",21.6,2117,2106,5,4.77867,3.54402,0.20927,1.66281,182.13061,195.60987,2,5.1212,13.47926,8.35806000000001,0.8623
"218",21.7,2117,2106,5,4.81166,3.73072,0.32996,1.86694,182.61178,195.98294,2,5.1212,13.37116,8.24996,1.2069
"219",21.8,2117,2106,5,4.855,3.92583,0.43339,1.95114,183.09728,196.37552,2,5.1212,13.27824,8.15703999999998,1.0343
"220",21.9,2117,2106,5,4.90057,4.10924,0.45568,1.83411,183.58733,196.78645,2,5.1212,13.19912,8.07791999999999,0.2229
"221",22,2117,2106,5,4.93957,4.26155,0.38993,1.52305,184.08129,197.2126,2,5.1212,13.13131,8.01011000000001,-0.6575
"222",22.1,2117,2106,5,4.96716,4.37485,0.27598,1.13301,184.57801,197.65009,2,5.1212,13.07208,7.95088,-1.1395
"223",22.2,2117,2106,5,4.98203,4.4525,0.14863,0.77648,185.07621,198.09533,2,5.1212,13.01912,7.89791999999999,-1.2735
"224",22.3,2117,2106,5,4.98372,4.50318,0.01695,0.50684,185.57458,198.54565,2,5.1212,12.97107,7.84987,-1.3168
"225",22.4,2117,2106,5,4.97023,4.53603,-0.13493,0.32849,186.0716,198.99926,2,5.1212,12.92766,7.80646,-1.5188
"226",22.5,2117,2106,5,4.93451,4.5587,-0.35715,0.22667,186.56506,199.45512,2,5.1212,12.89006,7.76886000000001,-2.2222
"227",22.6,2117,2106,5,4.86564,4.57735,-0.6887,0.18653,187.05162,199.91286,2,5.1212,12.86124,7.74003999999998,-3.3155
"228",22.7,2117,2106,5,4.76425,4.59744,-1.01389,0.20092,187.52804,200.3726,2,5.1212,12.84456,7.72336,-3.2519
"229",22.8,2117,2106,5,4.65643,4.62436,-1.07823,0.26921,187.99369,200.83504,2,5.1212,12.84135,7.72015000000001,-0.643400000000001
"230",22.9,2117,2106,5,4.5769,4.66443,-0.79528,0.40073,188.45138,201.30148,2,5.1212,12.8501,7.7289,2.8295
"231",23,2117,2106,5,4.53903,4.72573,-0.37875,0.61295,188.90528,201.77406,2,5.1212,12.86878,7.74757999999999,4.1653
"232",23.1,2117,2106,5,4.53183,4.81323,-0.07198,0.87501,189.35846,202.25538,2,5.1212,12.89692,7.77571999999999,3.0677
"233",23.2,2117,2106,5,4.53851,4.92103,0.06675,1.07799,189.81232,202.74748,2,5.1212,12.93516,7.81396,1.3873
"234",23.3,2117,2106,5,4.54823,5.03459,0.09728,1.13566,190.26714,203.25094,2,5.1212,12.9838,7.8626,0.3053
"235",23.4,2117,2106,5,4.55658,5.14212,0.08341,1.07523,190.7228,203.76515,2,5.1212,13.04235,7.92115,-0.1387
"236",23.5,2117,2106,5,4.56255,5.2424,0.05978,1.00278,191.17905,204.28939,2,5.1212,13.11034,7.98914000000001,-0.2363
"237",23.6,2117,2106,5,4.56647,5.34465,0.03912,1.02257,191.6357,204.82386,2,5.1212,13.18816,8.06695999999998,-0.2066
"238",23.7,2117,2106,5,4.56887,5.46044,0.02408,1.15788,192.09259,205.3699,2,5.1212,13.27731,8.15611,-0.1504
"239",23.8,2117,2106,5,4.57026,5.59106,0.01391,1.30623,192.54961,205.92901,2,5.1212,13.3794,8.2582,-0.1017
"240",23.9,2117,2106,5,4.57097,5.72286,0.00708,1.31797,193.00671,206.50129,2,5.1212,13.49458,8.37338000000001,-0.0683
"241",24,2117,2106,5,4.57118,5.83704,0.0021,1.14177,193.46383,207.085,2,5.1212,13.62117,8.49997000000001,-0.0498
"242",24.1,2117,2106,5,4.57095,5.92228,-0.00231,0.85248,193.92092,207.67723,2,5.1212,13.75631,8.63511000000001,-0.0441
"243",24.2,2117,2106,5,4.57021,5.97747,-0.00741,0.55182,194.37794,208.27497,2,5.1212,13.89703,8.77583,-0.051
"244",24.3,2117,2106,5,4.56875,6.00636,-0.01458,0.28895,194.83482,208.87561,2,5.1212,14.04079,8.91958999999999,-0.0717
"245",24.4,2117,2106,5,4.5662,6.01356,-0.02549,0.072,195.29144,209.47696,2,5.1212,14.18552,9.06432,-0.1091
"246",24.5,2117,2106,5,4.562,6.00504,-0.04208,-0.08518,195.74764,210.07747,2,5.1212,14.32983,9.20863000000002,-0.1659
"247",24.6,2117,2106,5,4.55539,5.98864,-0.06602,-0.16404,196.20318,210.67633,2,5.1212,14.47315,9.35195,-0.2394
"248",24.7,2117,2106,5,4.54574,5.9714,-0.09649,-0.17243,196.65775,211.27347,2,5.1212,14.61572,9.49452000000001,-0.3047
"249",24.8,2117,2106,5,4.53316,5.95719,-0.12585,-0.14206,197.11107,211.86919,2,5.1212,14.75812,9.63691999999999,-0.2936
"250",24.9,2117,2106,5,4.52043,5.94688,-0.12729,-0.10308,197.56311,212.46388,2,5.1212,14.90077,9.77956999999999,-0.0144
"251",25,2117,2106,5,4.51902,5.93971,-0.01405,-0.07176,198.01501,213.05785,2,5.1212,15.04284,9.92164000000001,1.1324
"252",25.1,2117,2106,5,4.55426,5.93442,0.35233,-0.05287,198.47044,213.65129,2,5.1212,15.18085,10.05965,3.6638
"253",25.2,2117,2106,5,4.65279,5.92977,0.98531,-0.04647,198.93572,214.24427,2,5.1212,15.30855,10.18735,6.3298
"254",25.3,2117,2106,5,4.81855,5.92442,1.65767,-0.05352,199.41757,214.83671,2,5.1212,15.41914,10.29794,6.7236
"255",25.4,2117,2106,5,5.02831,5.91661,2.0976,-0.07813,199.9204,215.42837,2,5.1212,15.50797,10.38677,4.3993
"256",25.5,2117,2106,5,5.24874,5.90374,2.20423,-0.12867,200.44528,216.01875,2,5.1212,15.57347,10.45227,1.0663
"257",25.6,2117,2106,5,5.45095,5.88198,2.02211,-0.21757,200.99037,216.60695,2,5.1212,15.61658,10.49538,-1.8212
"258",25.7,2117,2106,5,5.6146,5.84571,1.63654,-0.36272,201.55183,217.19152,2,5.1212,15.63969,10.51849,-3.8557
"259",25.8,2117,2106,5,5.72721,5.78433,1.12603,-0.61378,202.12455,217.76995,2,5.1212,15.6454,10.5242,-5.1051
"260",25.9,2117,2106,5,5.78258,5.67963,0.55376,-1.04705,202.70281,218.33791,2,5.1212,15.6351,10.5139,-5.7227
"261",26,2117,2106,5,5.77982,5.51831,-0.02764,-1.61321,203.28079,218.88974,2,5.1212,15.60895,10.48775,-5.814
"262",26.1,2117,2106,5,5.72307,5.314,-0.56746,-2.04307,203.8531,219.42114,2,5.1212,15.56804,10.44684,-5.3982
"263",26.2,2117,2106,5,5.62227,5.10493,-1.00805,-2.09068,204.41533,219.93164,2,5.1212,15.51631,10.39511,-4.4059
"264",26.3,2117,2106,5,5.49439,4.92585,-1.2788,-1.79083,204.96477,220.42422,2,5.1212,15.45945,10.33825,-2.7075
"265",26.4,2117,2106,5,5.36441,4.79003,-1.29979,-1.35815,205.50121,220.90322,2,5.1212,15.40201,10.28081,-0.209900000000001
"266",26.5,2117,2106,5,5.26294,4.69333,-1.01468,-0.96703,206.0275,221.37256,2,5.1212,15.34506,10.22386,2.8511
"267",26.6,2117,2106,5,5.21569,4.62453,-0.47251,-0.68805,206.54907,221.83501,2,5.1212,15.28594,10.16474,5.4217
"268",26.7,2117,2106,5,5.22759,4.57135,0.11901,-0.53181,207.07183,222.29214,2,5.1212,15.22031,10.09911,5.9152
"269",26.8,2117,2106,5,5.27897,4.52514,0.51383,-0.46208,207.59973,222.74466,2,5.1212,15.14493,10.02373,3.9482
"270",26.9,2117,2106,5,5.34162,4.48868,0.62646,-0.36459,208.13389,223.19353,2,5.1212,15.05964,9.93844,1.1263
"271",27,2117,2106,5,5.39641,4.47325,0.5479,-0.15426,208.67353,223.64085,2,5.1212,14.96732,9.84612,-0.7856
"272",27.1,2117,2106,5,5.4369,4.48146,0.40488,0.08208,209.21722,224.089,2,5.1212,14.87178,9.75058,-1.4302
"273",27.2,2117,2106,5,5.46405,4.50246,0.2715,0.20998,209.76362,224.53924,2,5.1212,14.77562,9.65442,-1.3338
"274",27.3,2117,2106,5,5.48122,4.52431,0.1717,0.21847,210.31174,224.99167,2,5.1212,14.67993,9.55873000000001,-0.998
"275",27.4,2117,2106,5,5.49166,4.54154,0.10445,0.17231,210.86091,225.44583,2,5.1212,14.58492,9.46372000000001,-0.6725
"276",27.5,2117,2106,5,5.49774,4.55346,0.06075,0.11921,211.41068,225.90117,2,5.1212,14.49049,9.36928999999999,-0.437
"277",27.6,2117,2106,5,5.50092,4.56113,0.03182,0.07674,211.96077,226.35729,2,5.1212,14.39652,9.27532000000001,-0.2893
"278",27.7,2117,2106,5,5.50206,4.56586,0.01142,0.04726,212.51098,226.81387,2,5.1212,14.30289,9.18169000000002,-0.204
"279",27.8,2117,2106,5,5.50153,4.56868,-0.00531,0.02823,213.06113,227.27074,2,5.1212,14.20961,9.08841,-0.1673
"280",27.9,2117,2106,5,5.49921,4.57033,-0.02316,0.0165,213.61105,227.72777,2,5.1212,14.11672,8.99551999999999,-0.1785
"281",28,2117,2106,5,5.49445,4.57128,-0.04764,0.00949,214.1605,228.1849,2,5.1212,14.0244,8.90319999999999,-0.2448
"282",28.1,2117,2106,5,5.48574,4.57182,-0.08704,0.00538,214.70907,228.64208,2,5.1212,13.93301,8.81181,-0.394
"283",28.2,2117,2106,5,5.47039,4.57212,-0.15359,0.00302,215.25611,229.0993,2,5.1212,13.84319,8.72198999999999,-0.6655
"284",28.3,2117,2106,5,5.44424,4.57229,-0.26145,0.00167,215.80054,229.55653,2,5.1212,13.75599,8.63479,-1.0786
"285",28.4,2117,2106,5,5.39997,4.57238,-0.44275,0.00091,216.34053,230.01376,2,5.1212,13.67323,8.55202999999999,-1.813
"286",28.5,2117,2106,5,5.32564,4.57243,-0.74323,0.00048,216.8731,230.47101,2,5.1212,13.59791,8.47671000000001,-3.0048
"287",28.6,2117,2106,5,5.21388,4.57245,-1.11759,0.00023,217.39449,230.92825,2,5.1212,13.53376,8.41256,-3.7436
"288",28.7,2117,2106,5,5.07537,4.57246,-1.38509,5e-05,217.90202,231.3855,2,5.1212,13.48348,8.36228000000001,-2.675
"289",28.8,2117,2106,5,4.93531,4.57245,-1.40062,-1e-04,218.39555,231.84274,2,5.1212,13.44719,8.32599000000001,-0.1553
"290",28.9,2117,2106,5,4.81592,4.57241,-1.1939,-3e-04,218.87715,232.29998,2,5.1212,13.42283,8.30163,2.0672
"291",29,2117,2106,5,4.72623,4.57235,-0.8969,-0.00062,219.34977,232.75722,2,5.1212,13.40745,8.28624999999998,2.97
"292",29.1,2117,2106,5,4.66413,4.57224,-0.62103,-0.00117,219.81618,233.21444,2,5.1212,13.39826,8.27705999999999,2.7587
"293",29.2,2117,2106,5,4.62259,4.57202,-0.41538,-0.00215,220.27844,233.67164,2,5.1212,13.3932,8.27200000000001,2.0565
"294",29.3,2117,2106,5,4.5941,4.57163,-0.2849,-0.00392,220.73785,234.12881,2,5.1212,13.39096,8.26975999999998,1.3048
"295",29.4,2117,2106,5,4.57229,4.57092,-0.21808,-0.00711,221.19508,234.5859,2,5.1212,13.39082,8.26962000000002,0.6682
"296",29.5,2117,2106,5,4.55213,4.56964,-0.20166,-0.01278,221.65029,235.04286,2,5.1212,13.39257,8.27136999999998,0.1642
"297",29.6,2117,2106,5,4.52901,4.56736,-0.23115,-0.02278,222.10319,235.4996,2,5.1212,13.39641,8.27520999999997,-0.2949
"298",29.7,2117,2106,5,4.50071,4.56334,-0.28305,-0.04018,222.55327,235.95593,2,5.1212,13.40266,8.28146,-0.519
"299",29.8,2117,2106,5,4.47448,4.55635,-0.2623,-0.06997,223.00071,236.41157,2,5.1212,13.41086,8.28966000000001,0.2075
"300",29.9,2117,2106,5,4.46434,4.54436,-0.1014,-0.11989,223.44715,236.866,2,5.1212,13.41885,8.29765000000002,1.609
"301",30,2117,2106,5,4.47437,4.52442,0.10037,-0.19937,223.89458,237.31845,2,5.1212,13.42387,8.30267000000002,2.0177
"302",30.1,2117,2106,5,4.49437,4.49286,0.20001,-0.31567,224.34402,237.76773,2,5.1212,13.42371,8.30251,0.9964
"303",30.2,2117,2106,5,4.51228,4.4458,0.17907,-0.47058,224.79525,238.21231,2,5.1212,13.41706,8.29585999999999,-0.2094
"304",30.3,2117,2106,5,4.52162,4.37984,0.09341,-0.65953,225.24741,238.6503,2,5.1212,13.40289,8.28168999999999,-0.8566
"305",30.4,2117,2106,5,4.52015,4.29221,-0.0147,-0.87636,225.69943,239.07952,2,5.1212,13.38009,8.25889,-1.0811
"306",30.5,2117,2106,5,4.50638,4.1799,-0.13774,-1.12307,226.15006,239.49751,2,5.1212,13.34745,8.22625000000001,-1.2304
"307",30.6,2117,2106,5,4.47563,4.03975,-0.30751,-1.40151,226.59763,239.90148,2,5.1212,13.30385,8.18264999999998,-1.6977
"308",30.7,2117,2106,5,4.42414,3.87251,-0.51484,-1.67241,227.04004,240.28873,2,5.1212,13.24869,8.12748999999998,-2.0733
"309",30.8,2117,2106,5,4.35987,3.68943,-0.64276,-1.8308,227.47603,240.65767,2,5.1212,13.18164,8.06043999999999,-1.2792
"310",30.9,2117,2106,5,4.2998,3.51214,-0.60069,-1.77284,227.90601,241.00889,2,5.1212,13.10288,7.98168,0.420700000000001
"311",31,2117,2106,5,4.25544,3.36191,-0.44362,-1.50229,228.33155,241.34508,2,5.1212,13.01353,7.89233,1.5707
"312",31.1,2117,2106,5,4.22748,3.24879,-0.27958,-1.13125,228.7543,241.66996,2,5.1212,12.91566,7.79446,1.6404
"313",31.2,2117,2106,5,4.21131,3.1708,-0.16171,-0.77988,229.17543,241.98704,2,5.1212,12.81161,7.69041,1.1787
"314",31.3,2117,2106,5,4.20226,3.11991,-0.09044,-0.50888,229.59566,242.29903,2,5.1212,12.70337,7.58216999999998,0.7127
"315",31.4,2117,2106,5,4.19722,3.08727,-0.05038,-0.32643,230.01538,242.60776,2,5.1212,12.59238,7.47118000000002,0.4006
"316",31.5,2117,2106,5,4.19436,3.06537,-0.02864,-0.21899,230.43482,242.9143,2,5.1212,12.47948,7.35828,0.2174
"317",31.6,2117,2106,5,4.19261,3.04818,-0.01755,-0.17188,230.85408,243.21911,2,5.1212,12.36503,7.24382999999999,0.1109
"318",31.7,2117,2106,5,4.19129,3.03032,-0.01313,-0.17864,231.2732,243.52215,2,5.1212,12.24895,7.12775000000001,0.0442
"319",31.8,2117,2106,5,4.18992,3.00596,-0.01375,-0.2436,231.6922,243.82274,2,5.1212,12.13054,7.00934,-0.00620000000000001
"320",31.9,2117,2106,5,4.18795,2.96793,-0.01965,-0.38033,232.11099,244.11953,2,5.1212,12.00854,6.88734000000001,-0.059
"321",32,2117,2106,5,4.18466,2.90397,-0.03297,-0.63961,232.52946,244.40993,2,5.1212,11.88047,6.75927,-0.1332
"322",32.1,2117,2106,5,4.17881,2.79197,-0.0585,-1.11995,232.94734,244.68913,2,5.1212,11.74179,6.62059000000001,-0.2553
"323",32.2,2117,2106,5,4.16829,2.61347,-0.10518,-1.78505,233.36417,244.95047,2,5.1212,11.5863,6.46509999999999,-0.4668
"324",32.3,2117,2106,5,4.1494,2.38225,-0.18891,-2.31218,233.77911,245.1887,2,5.1212,11.40959,6.28839000000001,-0.8373
"325",32.4,2117,2106,5,4.11611,2.14381,-0.33285,-2.3844,234.19072,245.40308,2,5.1212,11.21236,6.09115999999999,-1.4394
"326",32.5,2117,2106,5,4.05849,1.94045,-0.57619,-2.03362,234.59657,245.59713,2,5.1212,11.00056,5.87935999999998,-2.4334
"327",32.6,2117,2106,5,3.95846,1.78886,-1.0003,-1.51592,234.99241,245.77601,2,5.1212,10.7836,5.66240000000001,-4.2411
"328",32.7,2117,2106,5,3.79006,1.68543,-1.68402,-1.03427,235.37142,245.94455,2,5.1212,10.57313,5.45192999999999,-6.8372
"329",32.8,2117,2106,5,3.53678,1.6186,-2.53276,-0.66826,235.7251,246.10641,2,5.1212,10.38131,5.26011000000001,-8.4874
"330",32.9,2117,2106,5,3.21757,1.57632,-3.1921,-0.42282,236.04686,246.26405,2,5.1212,10.21719,5.09598999999999,-6.5934
"331",33,2117,2106,5,2.8785,1.54874,-3.39073,-0.27586,236.33471,246.41892,2,5.1212,10.08421,4.96301000000001,-1.9863
"332",33.1,2117,2106,5,2.56201,1.52825,-3.16487,-0.20487,236.59091,246.57174,2,5.1212,9.98083,4.85963,2.2586
"333",33.2,2117,2106,5,2.30383,1.50849,-2.58188,-0.1976,236.82129,246.72259,2,5.1212,9.90129999999999,4.78009999999999,5.8299
"334",33.3,2117,2106,5,2.13052,1.48303,-1.73306,-0.25458,237.03434,246.8709,2,5.1212,9.83656000000002,4.71536000000002,8.4882
"335",33.4,2117,2106,5,2.03492,1.44433,-0.95602,-0.38702,237.23783,247.01533,2,5.1212,9.7775,4.6563,7.7704
"336",33.5,2117,2106,5,1.98258,1.37988,-0.52339,-0.64443,237.43609,247.15332,2,5.1212,9.71723,4.59603,4.3263
"337",33.6,2117,2106,5,1.95044,1.26741,-0.32138,-1.12478,237.63114,247.28006,2,5.1212,9.64892,4.52772,2.0201
"338",33.7,2117,2106,5,1.9311,1.08821,-0.19338,-1.792,237.82425,247.38888,2,5.1212,9.56462999999999,4.44342999999999,1.28
"339",33.8,2117,2106,5,1.91945,0.85576,-0.11649,-2.32445,238.01619,247.47445,2,5.1212,9.45826,4.33706,0.7689
"340",33.9,2117,2106,5,1.91213,0.61498,-0.07329,-2.40776,238.2074,247.53595,2,5.1212,9.32855000000001,4.20735000000001,0.432
"341",34,2117,2106,5,1.90682,0.40707,-0.05306,-2.07913,238.39809,247.57666,2,5.1212,9.17857000000001,4.05737000000001,0.2023
"342",34.1,2117,2106,5,1.90165,0.24655,-0.05167,-1.6052,238.58825,247.60131,2,5.1212,9.01306000000002,3.89186000000002,0.0139
"343",34.2,2117,2106,5,1.89451,0.13446,-0.07141,-1.12088,238.7777,247.61476,2,5.1212,8.83705999999998,3.71585999999998,-0.1974
"344",34.3,2117,2106,5,1.88221,0,-0.12301,-1.34463,238.96592,247.61476,2,5.1212,8.64883999999998,3.52763999999998,-0.516
"345",34.4,2117,2106,5,1.85941,0,-0.22796,0,239.15186,247.61476,2,5.1212,8.46289999999999,3.34169999999999,-1.0495
"346",34.5,2117,2106,5,1.81694,0,-0.42474,0,239.33356,247.61476,2,5.1212,8.28119999999998,3.15999999999998,-1.9678
"347",34.6,2117,2106,5,1.73655,0,-0.8039,0,239.50721,247.61476,2,5.1212,8.10755,2.98635,-3.7916
"348",34.7,2117,2106,5,1.58853,0,-1.48017,0,239.66607,247.61476,2,5.1212,7.94869,2.82749,-6.7627
"349",34.8,2117,2106,5,1.35338,0,-2.35149,0,239.80141,247.61476,2,5.1212,7.81334999999999,2.69214999999999,-8.7132
"350",34.9,2117,2106,5,1.05483,0,-2.98555,0,239.90689,247.61476,2,5.1212,7.70786999999999,2.58666999999999,-6.3406
"351",35,2117,2106,5,0.75208,0,-3.02752,0,239.9821,247.61476,2,5.1212,7.63265999999999,2.51145999999999,-0.419700000000001
"352",35.1,2117,2106,5,0.49488,0,-2.57193,0,240.03158,247.61476,2,5.1212,7.58318,2.46198,4.5559
"353",35.2,2117,2106,5,0.29865,0,-1.96237,0,240.06145,247.61476,2,5.1212,7.55330999999998,2.43210999999998,6.0956
"354",35.3,2117,2106,5,0.16265,0,-1.35996,0,240.07771,247.61476,2,5.1212,7.53704999999999,2.41584999999999,6.0241
"355",35.4,2117,2106,5,0,0,-1.62651,0,240.07771,247.61476,2,5.1212,7.53704999999999,2.41584999999999,-2.6655
"356",35.5,2117,2106,5,0,0,0,0,240.07771,247.61476,2,5.1212,7.53704999999999,2.41584999999999,16.2651
"357",35.6,2117,2106,5,0,0,0,0,240.07771,247.61476,2,5.1212,7.53704999999999,2.41584999999999,0
"358",35.7,2117,2106,5,0,0,0,0,240.07771,247.61476,2,5.1212,7.53704999999999,2.41584999999999,0
"359",35.8,2117,2106,5,0,0,0,0,240.07771,247.61476,2,5.1212,7.53704999999999,2.41584999999999,0
"360",35.9,2117,2106,5,0,0,0,0,240.07771,247.61476,2,5.1212,7.53704999999999,2.41584999999999,0
"361",36,2117,2106,5,0,0,0,0,240.07771,247.61476,2,5.1212,7.53704999999999,2.41584999999999,0
"362",36.1,2117,2106,5,0,0,0,0,240.07771,247.61476,2,5.1212,7.53704999999999,2.41584999999999,0
"363",36.2,2117,2106,5,0,0,0,0,240.07771,247.61476,2,5.1212,7.53704999999999,2.41584999999999,0
"364",36.3,2117,2106,5,0,0,0,0,240.07771,247.61476,2,5.1212,7.53704999999999,2.41584999999999,0
"365",36.4,2117,2106,5,0,0,0,0,240.07771,247.61476,2,5.1212,7.53704999999999,2.41584999999999,0
"366",36.5,2117,2106,5,0,0,0,0,240.07771,247.61476,2,5.1212,7.53704999999999,2.41584999999999,0
"367",36.6,2117,2106,5,0,0,0,0,240.07771,247.61476,2,5.1212,7.53704999999999,2.41584999999999,0
"368",36.7,2117,2106,5,0,0,0,0,240.07771,247.61476,2,5.1212,7.53704999999999,2.41584999999999,0
"369",36.8,2117,2106,5,0,0,0,0,240.07771,247.61476,2,5.1212,7.53704999999999,2.41584999999999,0
"370",36.9,2117,2106,5,0,0,0,0,240.07771,247.61476,2,5.1212,7.53704999999999,2.41584999999999,0
"371",37,2117,2106,5,0,0,0,0,240.07771,247.61476,2,5.1212,7.53704999999999,2.41584999999999,0
"372",37.1,2117,2106,5,0,0,0,0,240.07771,247.61476,2,5.1212,7.53704999999999,2.41584999999999,0
"373",37.2,2117,2106,5,0,0,0,0,240.07771,247.61476,2,5.1212,7.53704999999999,2.41584999999999,0
"374",37.3,2117,2106,5,0,0,0,0,240.07771,247.61476,2,5.1212,7.53704999999999,2.41584999999999,0
"375",37.4,2117,2106,5,0,0,0,0,240.07771,247.61476,2,5.1212,7.53704999999999,2.41584999999999,0
"376",37.5,2117,2106,5,0,0,0,0,240.07771,247.61476,2,5.1212,7.53704999999999,2.41584999999999,0
"377",37.6,2117,2106,5,0,0,0,0,240.07771,247.61476,2,5.1212,7.53704999999999,2.41584999999999,0
"378",37.7,2117,2106,5,0,0,0,0,240.07771,247.61476,2,5.1212,7.53704999999999,2.41584999999999,0
"379",37.8,2117,2106,5,0,0,0,0,240.07771,247.61476,2,5.1212,7.53704999999999,2.41584999999999,0
"380",37.9,2117,2106,5,0,0,0,0,240.07771,247.61476,2,5.1212,7.53704999999999,2.41584999999999,0
"381",38,2117,2106,5,0,0,0,0,240.07771,247.61476,2,5.1212,7.53704999999999,2.41584999999999,0
"382",38.1,2117,2106,5,0,0,0,0,240.07771,247.61476,2,5.1212,7.53704999999999,2.41584999999999,0
"383",38.2,2117,2106,5,0,0,0,0,240.07771,247.61476,2,5.1212,7.53704999999999,2.41584999999999,0
"384",38.3,2117,2106,5,0,0,0,0,240.07771,247.61476,2,5.1212,7.53704999999999,2.41584999999999,0
"385",38.4,2117,2106,5,0,0,0,0,240.07771,247.61476,2,5.1212,7.53704999999999,2.41584999999999,0
"386",38.5,2117,2106,5,0,0,0,0,240.07771,247.61476,2,5.1212,7.53704999999999,2.41584999999999,0
"387",38.6,2117,2106,5,0,0,0,0,240.07771,247.61476,2,5.1212,7.53704999999999,2.41584999999999,0
"388",38.7,2117,2106,5,0,0,0,0,240.07771,247.61476,2,5.1212,7.53704999999999,2.41584999999999,0
"389",38.8,2117,2106,5,0,0,0,0,240.07771,247.61476,2,5.1212,7.53704999999999,2.41584999999999,0
"390",38.9,2117,2106,5,0,0,0,0,240.07771,247.61476,2,5.1212,7.53704999999999,2.41584999999999,0
"391",39,2117,2106,5,0,0,0,0,240.07771,247.61476,2,5.1212,7.53704999999999,2.41584999999999,0
"392",39.1,2117,2106,5,0,0,0,0,240.07771,247.61476,2,5.1212,7.53704999999999,2.41584999999999,0
"393",39.2,2117,2106,5,0,0,0,0,240.07771,247.61476,2,5.1212,7.53704999999999,2.41584999999999,0
"394",39.3,2117,2106,5,0,0.11085,0,1.1085,240.07771,247.62585,2,5.1212,7.54814000000002,2.42694000000002,0
"395",39.4,2117,2106,5,0,0.19982,0,0.88966,240.07771,247.64583,2,5.1212,7.56811999999999,2.44691999999999,0
"396",39.5,2117,2106,5,0,0.31818,0,1.18364,240.07771,247.67765,2,5.1212,7.59994,2.47874,0
"397",39.6,2117,2106,5,0,0.4657,0,1.47525,240.07771,247.72422,2,5.1212,7.64651000000001,2.52531000000001,0
"398",39.7,2117,2106,5,0,0.64555,0,1.7985,240.07771,247.78877,2,5.1212,7.71106,2.58986,0
"399",39.8,2117,2106,5,0,0.84494,0,1.99387,240.07771,247.87327,2,5.1212,7.79555999999999,2.67435999999999,0
"400",39.9,2117,2106,5,0,1.03694,0,1.91995,240.07771,247.97696,2,5.1212,7.89924999999999,2.77805,0
"401",40,2117,2106,5,0,1.19753,0,1.6059,240.07771,248.09671,2,5.1212,8.01900000000001,2.89780000000001,0
"402",40.1,2117,2106,5,0.10261,1.31732,1.02605,1.19789,240.08797,248.22844,2,5.1212,8.14046999999999,3.01926999999999,10.2605
"403",40.2,2117,2106,5,0.1891,1.39987,0.86492,0.82553,240.10688,248.36843,2,5.1212,8.26155,3.14035,-1.6113
"404",40.3,2117,2106,5,0.31622,1.45465,1.27122,0.54779,240.13851,248.5139,2,5.1212,8.37539000000001,3.25419000000001,4.063
"405",40.4,2117,2106,5,0.48488,1.49174,1.68663,0.37096,240.18699,248.66307,2,5.1212,8.47608,3.35488,4.1541
"406",40.5,2117,2106,5,0.6836,1.51996,1.98722,0.2822,240.25535,248.81507,2,5.1212,8.55972,3.43852,3.0059
"407",40.6,2117,2106,5,0.88605,1.54692,2.02446,0.26954,240.34396,248.96976,2,5.1212,8.6258,3.5046,0.372399999999999
"408",40.7,2117,2106,5,1.06795,1.57966,1.81905,0.32741,240.45076,249.12772,2,5.1212,8.67696000000001,3.55576000000001,-2.0541
"409",40.8,2117,2106,5,1.21612,1.62478,1.48167,0.45124,240.57237,249.2902,2,5.1212,8.71782999999999,3.59662999999999,-3.3738
"410",40.9,2117,2106,5,1.32667,1.68995,1.10551,0.65169,240.70503,249.4592,2,5.1212,8.75417000000002,3.63297000000002,-3.7616
"411",41,2117,2106,5,1.40284,1.78814,0.76169,0.98187,240.84532,249.63801,2,5.1212,8.79269000000002,3.67149000000002,-3.4382
"412",41.1,2117,2106,5,1.45229,1.93271,0.49444,1.44568,240.99055,249.83128,2,5.1212,8.84072999999998,3.71952999999998,-2.6725
"413",41.2,2117,2106,5,1.48337,2.12185,0.31082,1.89142,241.13888,250.04347,2,5.1212,8.90459000000001,3.78339000000001,-1.8362
"414",41.3,2117,2106,5,1.50305,2.33654,0.19679,2.14696,241.28919,250.27712,2,5.1212,8.98793000000001,3.86673000000001,-1.1403
"415",41.4,2117,2106,5,1.51657,2.55282,0.13523,2.16273,241.44085,250.5324,2,5.1212,9.09154999999998,3.97034999999998,-0.6156
"416",41.5,2117,2106,5,1.5279,2.74823,0.11335,1.95408,241.59364,250.80723,2,5.1212,9.21359000000001,4.09239000000001,-0.2188
"417",41.6,2117,2106,5,1.5404,2.90307,0.12491,1.54848,241.74768,251.09753,2,5.1212,9.34985,4.22865,0.1156
"418",41.7,2117,2106,5,1.55751,3.00321,0.17119,1.00132,241.90343,251.39785,2,5.1212,9.49442000000002,4.37322000000002,0.4628
"419",41.8,2117,2106,5,1.58345,3.04558,0.25931,0.42372,242.06177,251.70241,2,5.1212,9.64063999999999,4.51943999999999,0.8812
"420",41.9,2117,2106,5,1.6227,3.04924,0.39259,0.03664,242.22404,252.00734,2,5.1212,9.7833,4.6621,1.3328
"421",42,2117,2106,5,1.68083,3.04333,0.58131,-0.05915,242.39213,252.31167,2,5.1212,9.91953999999998,4.79833999999998,1.8872
"422",42.1,2117,2106,5,1.7677,3.03828,0.8687,-0.05048,242.5689,252.6155,2,5.1212,10.0466,4.92539999999998,2.8739
"423",42.2,2117,2106,5,1.89131,3.03072,1.23605,-0.07556,242.75803,252.91857,2,5.1212,10.16054,5.03934,3.6735
"424",42.3,2117,2106,5,2.04759,3.01704,1.56283,-0.13686,242.96279,253.22027,2,5.1212,10.25748,5.13627999999999,3.2678
"425",42.4,2117,2106,5,2.2255,2.99237,1.77905,-0.24662,243.18534,253.51951,2,5.1212,10.33417,5.21297,2.1622
"426",42.5,2117,2106,5,2.41423,2.94757,1.88733,-0.44809,243.42676,253.81427,2,5.1212,10.38751,5.26630999999999,1.0828
"427",42.6,2117,2106,5,2.60333,2.86604,1.89097,-0.81526,243.68709,254.10087,2,5.1212,10.41378,5.29257999999997,0.0364000000000009
"428",42.7,2117,2106,5,2.78248,2.73639,1.79154,-1.29653,243.96534,254.37451,2,5.1212,10.40917,5.28796999999999,-0.994300000000001
"429",42.8,2117,2106,5,2.94163,2.57169,1.59144,-1.64697,244.2595,254.63168,2,5.1212,10.37218,5.25097999999999,-2.001
"430",42.9,2117,2106,5,3.0712,2.40356,1.29573,-1.68132,244.56662,254.87203,2,5.1212,10.30541,5.18420999999999,-2.9571
"431",43,2117,2106,5,3.16272,2.2586,0.91524,-1.44955,244.88289,255.09789,2,5.1212,10.215,5.0938,-3.8049
"432",43.1,2117,2106,5,3.20996,2.14686,0.47238,-1.11745,245.20389,255.31258,2,5.1212,10.10869,4.98749,-4.4286
"433",43.2,2117,2106,5,3.2112,2.06479,0.01241,-0.8207,245.52501,255.51906,2,5.1212,9.99404999999999,4.87284999999999,-4.5997
"434",43.3,2117,2106,5,3.17376,2.0025,-0.37444,-0.62284,245.84239,255.71931,2,5.1212,9.87692000000001,4.75572000000001,-3.8685
"435",43.4,2117,2106,5,3.12279,1.94865,-0.50973,-0.53856,246.15467,255.91417,2,5.1212,9.7595,4.6383,-1.3529
"436",43.5,2117,2106,5,3.08617,1.8963,-0.36617,-0.52343,246.46328,256.1038,2,5.1212,9.64051999999998,4.51931999999998,1.4356
"437",43.6,2117,2106,5,3.0675,1.85307,-0.18668,-0.43233,246.77003,256.28911,2,5.1212,9.51908,4.39788,1.7949
"438",43.7,2117,2106,5,3.05799,1.83607,-0.0951,-0.17003,247.07583,256.47272,2,5.1212,9.39688999999998,4.27568999999998,0.9158
"439",43.8,2117,2106,5,3.0531,1.84937,-0.04889,0.13305,247.38114,256.65765,2,5.1212,9.27651,4.15531,0.4621
"440",43.9,2117,2106,5,3.05051,1.87888,-0.02594,0.29504,247.68619,256.84554,2,5.1212,9.15935000000002,4.03815000000002,0.2295
"441",44,2117,2106,5,3.04899,1.90899,-0.0152,0.30118,247.99109,257.03644,2,5.1212,9.04535000000001,3.92415000000001,0.1074
"442",44.1,2117,2106,5,3.04785,1.93258,-0.0114,0.2359,248.29587,257.2297,2,5.1212,8.93382999999997,3.81262999999997,0.038
"443",44.2,2117,2106,5,3.04661,1.94879,-0.01239,0.16206,248.60054,257.42458,2,5.1212,8.82404,3.70284,-0.0099
"444",44.3,2117,2106,5,3.0448,1.95914,-0.01804,0.10348,248.90502,257.62049,2,5.1212,8.71547000000001,3.59427000000001,-0.0565
"445",44.4,2117,2106,5,3.04182,1.96545,-0.02985,0.06315,249.2092,257.81704,2,5.1212,8.60784000000001,3.48664000000001,-0.1181
"446",44.5,2117,2106,5,3.03671,1.96919,-0.05109,0.03734,249.51287,258.01396,2,5.1212,8.50109,3.37989,-0.2124
"447",44.6,2117,2106,5,3.02798,1.97134,-0.08731,0.02155,249.81567,258.21109,2,5.1212,8.39542,3.27422,-0.3622
"448",44.7,2117,2106,5,3.0133,1.97254,-0.14681,0.01197,250.117,258.40834,2,5.1212,8.29134000000002,3.17014000000002,-0.595
"449",44.8,2117,2106,5,2.98926,1.97317,-0.2404,0.00629,250.41592,258.60566,2,5.1212,8.18974,3.06854,-0.9359
"450",44.9,2117,2106,5,2.95159,1.97349,-0.37666,0.00324,250.71108,258.80301,2,5.1212,8.09192999999996,2.97072999999996,-1.3626
"451",45,2117,2106,5,2.8971,1.97367,-0.54491,0.00173,251.00079,259.00038,2,5.1212,7.99959000000001,2.87839000000001,-1.6825
"452",45.1,2117,2106,5,2.82652,1.97377,-0.7058,0.00103,251.28344,259.19775,2,5.1212,7.91430999999997,2.79310999999997,-1.6089
"453",45.2,2117,2106,5,2.74361,1.97384,-0.82909,0.00076,251.5578,259.39514,2,5.1212,7.83734000000004,2.71614000000004,-1.2329
"454",45.3,2117,2106,5,2.64987,1.97392,-0.9374,0.00073,251.82279,259.59253,2,5.1212,7.76974000000001,2.64854000000001,-1.0831
"455",45.4,2117,2106,5,2.54163,1.97399,-1.08236,0.00077,252.07695,259.78993,2,5.1212,7.71298000000002,2.59178000000002,-1.4496
"456",45.5,2117,2106,5,2.41297,1.97406,-1.28669,0.00068,252.31825,259.98734,2,5.1212,7.66909000000001,2.54789000000001,-2.0433
"457",45.6,2117,2106,5,2.26215,1.97409,-1.50811,0.00031,252.54447,260.18474,2,5.1212,7.64026999999999,2.51906999999999,-2.2142
"458",45.7,2117,2106,5,2.0981,1.9741,-1.64053,2e-05,252.75428,260.38215,2,5.1212,7.62787000000003,2.50667000000003,-1.3242
"459",45.8,2117,2106,5,1.93963,1.97411,-1.58476,0.00012,252.94824,260.57956,2,5.1212,7.63132000000002,2.51012000000002,0.557700000000001
"460",45.9,2117,2106,5,1.80544,1.97416,-1.34187,0.00048,253.12878,260.77698,2,5.1212,7.64819999999997,2.52699999999997,2.4289
"461",46,2117,2106,5,1.70446,1.97423,-1.00983,0.00071,253.29923,260.9744,2,5.1212,7.67517000000001,2.55397000000001,3.3204
"462",46.1,2117,2106,5,1.63506,1.97429,-0.69399,0.00066,253.46273,261.17183,2,5.1212,7.70910000000001,2.58790000000001,3.1584
"463",46.2,2117,2106,5,1.59031,1.97435,-0.44747,0.00058,253.62176,261.36927,2,5.1212,7.74750999999998,2.62630999999998,2.4652
"464",46.3,2117,2106,5,1.56269,1.97441,-0.27616,0.00058,253.77803,261.56671,2,5.1212,7.78868,2.66748,1.7131
"465",46.4,2117,2106,5,1.54616,1.97444,-0.16532,0.00027,253.93265,261.76415,2,5.1212,7.83149999999998,2.71029999999998,1.1084
"466",46.5,2117,2106,5,1.53642,1.9744,-0.09745,-0.00033,254.08629,261.96159,2,5.1212,7.87530000000001,2.75410000000001,0.6787
"467",46.6,2117,2106,5,1.53058,1.97434,-0.05835,-0.00066,254.23935,262.15903,2,5.1212,7.91967999999997,2.79847999999997,0.391
"468",46.7,2117,2106,5,1.52682,1.97427,-0.03757,-7e-04,254.39203,262.35645,2,5.1212,7.96441999999999,2.84321999999999,0.2078
"469",46.8,2117,2106,5,1.52397,1.97418,-0.0285,-0.00084,254.54443,262.55387,2,5.1212,8.00944000000001,2.88824000000001,0.0907
"470",46.9,2117,2106,5,1.52117,1.97408,-0.02809,-0.001,254.69655,262.75128,2,5.1212,8.05473000000001,2.93353000000001,0.00410000000000001
"471",47,2117,2106,5,1.51757,1.97399,-0.03594,-9e-04,254.8483,262.94868,2,5.1212,8.10038000000003,2.97918000000003,-0.0785
"472",47.1,2117,2106,5,1.51212,1.97392,-0.05449,-0.00069,254.99952,263.14607,2,5.1212,8.14655000000002,3.02535000000002,-0.1855
"473",47.2,2117,2106,5,1.50313,1.97386,-0.08995,-0.00059,255.14983,263.34346,2,5.1212,8.19362999999998,3.07242999999998,-0.3546
"474",47.3,2117,2106,5,1.48827,1.97378,-0.14855,-0.00082,255.29866,263.54083,2,5.1212,8.24217000000002,3.12097000000002,-0.586
"475",47.4,2117,2106,5,1.46419,1.97361,-0.24082,-0.00173,255.44507,263.7382,2,5.1212,8.29313000000002,3.17193000000002,-0.9227
"476",47.5,2117,2106,5,1.42446,1.97323,-0.39727,-0.00374,255.58752,263.93552,2,5.1212,8.34799999999998,3.22679999999998,-1.5645
"477",47.6,2117,2106,5,1.36199,1.97253,-0.6247,-0.00705,255.72372,264.13277,2,5.1212,8.40905000000001,3.28785000000001,-2.2743
"478",47.7,2117,2106,5,1.27782,1.9713,-0.84172,-0.01227,255.8515,264.3299,2,5.1212,8.47840000000002,3.35720000000002,-2.1702
"479",47.8,2117,2106,5,1.18308,1.96919,-0.94741,-0.0211,255.96981,264.52682,2,5.1212,8.55700999999999,3.43580999999999,-1.0569
"480",47.9,2117,2106,5,1.08933,1.96556,-0.93752,-0.0363,256.07874,264.72338,2,5.1212,8.64464000000004,3.52344000000004,0.0988999999999995
"481",48,2117,2106,5,1.00448,1.95932,-0.84844,-0.06242,256.17919,264.91931,2,5.1212,8.74011999999999,3.61891999999999,0.8908
"482",48.1,2117,2106,5,0.94086,1.94892,-0.63627,-0.10405,256.27328,265.1142,2,5.1212,8.84091999999998,3.71971999999998,2.1217
"483",48.2,2117,2106,5,0.91277,1.93218,-0.28086,-0.16739,256.36455,265.30742,2,5.1212,8.94286999999997,3.82166999999997,3.5541
"484",48.3,2117,2106,5,0.92019,1.90497,0.07419,-0.2721,256.45657,265.49791,2,5.1212,9.04133999999999,3.92013999999999,3.5505
"485",48.4,2117,2106,5,0.94794,1.8619,0.27749,-0.43064,256.55137,265.68411,2,5.1212,9.13273999999996,4.01153999999996,2.033
"486",48.5,2117,2106,5,0.98187,1.80248,0.33927,-0.59426,256.64955,265.86435,2,5.1212,9.21480000000003,4.09360000000003,0.6178
"487",48.6,2117,2106,5,1.01741,1.73512,0.35548,-0.67358,256.7513,266.03786,2,5.1212,9.28656000000001,4.16536000000001,0.1621
"488",48.7,2117,2106,5,1.05731,1.67207,0.39891,-0.63045,256.85703,266.20507,2,5.1212,9.34803999999997,4.22683999999997,0.4343
"489",48.8,2117,2106,5,1.10729,1.62162,0.49989,-0.5045,256.96776,266.36723,2,5.1212,9.39947000000001,4.27827000000001,1.0098
"490",48.9,2117,2106,5,1.17526,1.58575,0.67964,-0.35872,257.08528,266.52581,2,5.1212,9.44052999999997,4.31932999999997,1.7975
"491",49,2117,2106,5,1.27454,1.56243,0.99286,-0.2332,257.21274,266.68205,2,5.1212,9.46931000000001,4.34811000000001,3.1322
"492",49.1,2117,2106,5,1.41887,1.54853,1.44321,-0.13905,257.35462,266.83691,2,5.1212,9.48228999999998,4.36108999999998,4.5035
"493",49.2,2117,2106,5,1.60696,1.54143,1.88092,-0.07097,257.51532,266.99105,2,5.1212,9.47573,4.35453,4.3771
"494",49.3,2117,2106,5,1.82055,1.53962,2.13597,-0.01814,257.69737,267.14501,2,5.1212,9.44764000000004,4.32644000000004,2.5505
"495",49.4,2117,2106,5,2.03614,1.54279,2.15584,0.03171,257.90099,267.29929,2,5.1212,9.39830000000001,4.27710000000001,0.198700000000001
"496",49.5,2117,2106,5,2.23128,1.55191,1.95144,0.09121,258.12412,267.45448,2,5.1212,9.33035999999998,4.20915999999998,-2.044
"497",49.6,2117,2106,5,2.38614,1.56932,1.54853,0.17417,258.36273,267.61141,2,5.1212,9.24867999999998,4.12747999999998,-4.0291
"498",49.7,2117,2106,5,2.48639,1.59899,1.0025,0.29667,258.61137,267.77131,2,5.1212,9.15994000000001,4.03874000000001,-5.4603
"499",49.8,2117,2106,5,2.52899,1.64624,0.426,0.47246,258.86427,267.93593,2,5.1212,9.07166000000001,3.95046000000001,-5.765
"500",49.9,2117,2106,5,2.53335,1.71563,0.04365,0.69391,259.1176,268.1075,2,5.1212,8.98990000000003,3.86870000000003,-3.8235
"501",50,2117,2106,5,2.52929,1.80705,-0.04064,0.91418,259.37053,268.2882,2,5.1212,8.91767000000004,3.79647000000004,-0.8429
"502",50.1,2117,2106,5,2.52811,1.91447,-0.0118,1.07425,259.62334,268.47965,2,5.1212,8.85631000000001,3.73511000000001,0.2884
"503",50.2,2117,2106,5,2.52796,2.0298,-0.00148,1.15329,259.87614,268.68263,2,5.1212,8.80649,3.68529,0.1032
"504",50.3,2117,2106,5,2.52812,2.14685,0.00164,1.17051,260.12895,268.89731,2,5.1212,8.76836000000003,3.64716000000003,0.0312
"505",50.4,2117,2106,5,2.52836,2.26201,0.00236,1.15158,260.38178,269.12351,2,5.1212,8.74173000000002,3.62053000000002,0.0072
"506",50.5,2117,2106,5,2.5286,2.37328,0.00241,1.11274,260.63464,269.36084,2,5.1212,8.72620000000001,3.60500000000001,0.000499999999999997
"507",50.6,2117,2106,5,2.52883,2.47956,0.00233,1.06274,260.88753,269.6088,2,5.1212,8.72126999999995,3.60006999999995,-0.000799999999999998
"508",50.7,2117,2106,5,2.52904,2.58012,0.00206,1.0056,261.14043,269.86681,2,5.1212,8.72638000000001,3.60518000000001,-0.0027
"509",50.8,2117,2106,5,2.52916,2.67426,0.00119,0.94148,261.39335,270.13424,2,5.1212,8.74088999999998,3.61968999999998,-0.0087
"510",50.9,2117,2106,5,2.52916,2.76082,6e-05,0.86556,261.64626,270.41032,2,5.1212,8.76406000000003,3.64286000000003,-0.0113
"511",51,2117,2106,5,2.52918,2.8374,0.00015,0.7658,261.89918,270.69406,2,5.1212,8.79487999999998,3.67367999999998,9e-04
"512",51.1,2117,2106,5,2.52941,2.90031,0.00238,0.62911,262.15212,270.98409,2,5.1212,8.83196999999996,3.71076999999996,0.0223
"513",51.2,2117,2106,5,2.53,2.94652,0.00585,0.46205,262.40512,271.27874,2,5.1212,8.87362000000002,3.75242000000002,0.0347
"514",51.3,2117,2106,5,2.53099,2.97614,0.00988,0.2962,262.65822,271.57636,2,5.1212,8.91814000000005,3.79694000000005,0.0403
"515",51.4,2117,2106,5,2.53259,2.99183,0.01598,0.15688,262.91148,271.87554,2,5.1212,8.96406000000002,3.84286000000002,0.061
"516",51.5,2117,2106,5,2.5353,2.99675,0.02712,0.04925,263.16501,272.17521,2,5.1212,9.0102,3.889,0.1114
"517",51.6,2117,2106,5,2.54034,2.99549,0.05044,-0.01256,263.41904,272.47476,2,5.1212,9.05572000000001,3.93452000000001,0.2332
"518",51.7,2117,2106,5,2.54922,2.9949,0.08874,-0.00592,263.67396,272.77425,2,5.1212,9.10028999999997,3.97908999999997,0.383
"519",51.8,2117,2106,5,2.56314,3.00051,0.13926,0.05606,263.93028,273.0743,2,5.1212,9.14402000000001,4.02282000000001,0.5052
"520",51.9,2117,2106,5,2.58776,3.01289,0.24619,0.12379,264.18905,273.37559,2,5.1212,9.18653999999998,4.06533999999998,1.0693
"521",52,2117,2106,5,2.63438,3.02937,0.4662,0.16481,264.45249,273.67853,2,5.1212,9.22604000000001,4.10484000000001,2.2001
"522",52.1,2117,2106,5,2.7066,3.04822,0.72222,0.18856,264.72315,273.98335,2,5.1212,9.2602,4.139,2.5602
"523",52.2,2117,2106,5,2.79155,3.07059,0.84948,0.22366,265.00231,274.29041,2,5.1212,9.28809999999999,4.16689999999999,1.2726
"524",52.3,2117,2106,5,2.87072,3.1,0.79173,0.29414,265.28938,274.60041,2,5.1212,9.31103000000002,4.18983000000002,-0.5775
"525",52.4,2117,2106,5,2.93311,3.14085,0.62389,0.40843,265.58269,274.9145,2,5.1212,9.33180999999996,4.21060999999996,-1.6784
"526",52.5,2117,2106,5,2.97701,3.19843,0.43897,0.57582,265.88039,275.23434,2,5.1212,9.35395,4.23275,-1.8492
"527",52.6,2117,2106,5,3.00566,3.28192,0.28651,0.83491,266.18096,275.56253,2,5.1212,9.38156999999995,4.26036999999995,-1.5246
"528",52.7,2117,2106,5,3.02347,3.39757,0.17812,1.15646,266.48331,275.90229,2,5.1212,9.41897999999998,4.29777999999998,-1.0839
"529",52.8,2117,2106,5,3.0343,3.53959,0.10827,1.4202,266.78674,276.25625,2,5.1212,9.46951000000001,4.34831000000001,-0.6985
"530",52.9,2117,2106,5,3.04094,3.69755,0.06642,1.57967,267.09083,276.626,2,5.1212,9.53516999999999,4.41396999999999,-0.4185
"531",53,2117,2106,5,3.0452,3.86357,0.0426,1.66018,267.39535,277.01236,2,5.1212,9.61700999999999,4.49580999999999,-0.2382
"532",53.1,2117,2106,5,3.04828,4.03118,0.0308,1.67606,267.70018,277.41548,2,5.1212,9.71530000000001,4.59410000000001,-0.118
"533",53.2,2117,2106,5,3.05114,4.19466,0.02855,1.63484,268.00529,277.83494,2,5.1212,9.82965000000002,4.70845000000002,-0.0225
"534",53.3,2117,2106,5,3.05452,4.3487,0.03383,1.54038,268.31074,278.26981,2,5.1212,9.95907,4.83787,0.0528
"535",53.4,2117,2106,5,3.05884,4.48819,0.04325,1.39488,268.61663,278.71863,2,5.1212,10.102,4.98080000000003,0.0942
"536",53.5,2117,2106,5,3.06387,4.60821,0.05021,1.20019,268.92301,279.17945,2,5.1212,10.25644,5.13524,0.0696
"537",53.6,2117,2106,5,3.06744,4.7041,0.03571,0.95893,269.22976,279.64986,2,5.1212,10.4201,5.29889999999999,-0.145
"538",53.7,2117,2106,5,3.06462,4.7717,-0.02818,0.676,269.53622,280.12703,2,5.1212,10.59081,5.46960999999998,-0.6389
"539",53.8,2117,2106,5,3.0553,4.80781,-0.0932,0.36114,269.84175,280.60781,2,5.1212,10.76606,5.64485999999998,-0.6502
"540",53.9,2117,2106,5,3.05814,4.81119,0.0284,0.03379,270.14756,281.08893,2,5.1212,10.94137,5.82017000000001,1.216
"541",54,2117,2106,5,3.09834,4.78444,0.40204,-0.26751,270.4574,281.56737,2,5.1212,11.10997,5.98876999999998,3.7364
"542",54.1,2117,2106,5,3.17883,4.73778,0.80485,-0.46661,270.77528,282.04115,2,5.1212,11.26587,6.14467000000001,4.0281
"543",54.2,2117,2106,5,3.28493,4.69488,1.06106,-0.429,271.10377,282.51064,2,5.1212,11.40687,6.28567000000003,2.5621
"544",54.3,2117,2106,5,3.40455,4.68059,1.1962,-0.1429,271.44423,282.9787,2,5.1212,11.53447,6.41327,1.3514
"545",54.4,2117,2106,5,3.5314,4.701,1.2685,0.20408,271.79737,283.4488,2,5.1212,11.65143,6.53023,0.723
"546",54.5,2117,2106,5,3.66211,4.7544,1.30703,0.53404,272.16358,283.92424,2,5.1212,11.76066,6.63945999999997,0.3853
"547",54.6,2117,2106,5,3.79476,4.84873,1.32657,0.94325,272.54306,284.40911,2,5.1212,11.86605,6.74484999999997,0.195400000000001
"548",54.7,2117,2106,5,3.92823,4.9954,1.33463,1.46672,272.93588,284.90865,2,5.1212,11.97277,6.85157000000003,0.0805999999999996
"549",54.8,2117,2106,5,4.06173,5.19081,1.33501,1.95412,273.34205,285.42773,2,5.1212,12.08568,6.96448000000002,0.00380000000000047
"550",54.9,2117,2106,5,4.19469,5.41171,1.32965,2.20899,273.76152,285.9689,2,5.1212,12.20738,7.08618,-0.0536000000000003
"551",55,2117,2106,5,4.32664,5.62889,1.31949,2.17178,274.19418,286.53179,2,5.1212,12.33761,7.21640999999998,-0.101599999999999
"552",55.1,2117,2106,5,4.45714,5.81607,1.30501,1.87178,274.6399,287.1134,2,5.1212,12.4735,7.3523,-0.1448
"553",55.2,2117,2106,5,4.58579,5.95271,1.28643,1.3664,275.09848,287.70867,2,5.1212,12.61019,7.48898999999999,-0.1858
"554",55.3,2117,2106,5,4.71217,6.02982,1.26383,0.77112,275.56969,288.31165,2,5.1212,12.74196,7.62076000000001,-0.226
"555",55.4,2117,2106,5,4.83589,6.06138,1.23724,0.31559,276.05328,288.91779,2,5.1212,12.8645100000001,7.74331000000005,-0.265900000000001
"556",55.5,2117,2106,5,4.95656,6.07479,1.20666,0.1341,276.54894,289.52527,2,5.1212,12.97633,7.85512999999996,-0.305799999999998
"557",55.6,2117,2106,5,5.07376,6.08361,1.17204,0.0882,277.05632,290.13363,2,5.1212,13.07731,7.95610999999995,-0.346200000000001
"558",55.7,2117,2106,5,5.1871,6.08926,1.13334,0.05655,277.57503,290.74255,2,5.1212,13.16752,8.04631999999997,-0.387
"559",55.8,2117,2106,5,5.29615,6.09289,1.0905,0.03632,278.10464,291.35184,2,5.1212,13.2472,8.12599999999996,-0.4284
"560",55.9,2117,2106,5,5.40049,6.09538,1.04341,0.0249,278.64469,291.96138,2,5.1212,13.31669,8.19548999999999,-0.470900000000001
"561",56,2117,2106,5,5.49968,6.09746,0.99193,0.02077,279.19466,292.57113,2,5.1212,13.37647,8.25526999999998,-0.5148
"562",56.1,2117,2106,5,5.59326,6.09979,0.93579,0.02329,279.75398,293.18111,2,5.1212,13.42713,8.30592999999998,-0.5614
"563",56.2,2117,2106,5,5.68071,6.10309,0.8745,0.03306,280.32205,293.79142,2,5.1212,13.46937,8.34817000000003,-0.6129
"564",56.3,2117,2106,5,5.76142,6.10837,0.80716,0.05276,280.8982,294.40225,2,5.1212,13.50405,8.38285000000001,-0.673400000000001
"565",56.4,2117,2106,5,5.83463,6.11716,0.73205,0.08794,281.48166,295.01397,2,5.1212,13.53231,8.41111,-0.7511
"566",56.5,2117,2106,5,5.89921,6.13186,0.64578,0.14698,282.07158,295.62716,2,5.1212,13.55558,8.43438000000002,-0.8627
"567",56.6,2117,2106,5,5.95339,6.1559,0.54181,0.24035,282.66692,296.24275,2,5.1212,13.57583,8.45463,-1.0397
"568",56.7,2117,2106,5,5.99412,6.19355,0.40729,0.37648,283.26633,296.8621,2,5.1212,13.59577,8.47457000000002,-1.3452
"569",56.8,2117,2106,5,6.01833,6.24805,0.24213,0.54507,283.86816,297.48691,2,5.1212,13.61875,8.49755000000003,-1.6516
"570",56.9,2117,2106,5,6.02516,6.31869,0.0683,0.70633,284.47068,298.11877,2,5.1212,13.64809,8.52688999999997,-1.7383
"571",57,2117,2106,5,6.0148,6.40156,-0.10355,0.82876,285.07216,298.75893,2,5.1212,13.68677,8.56557000000002,-1.7185
"572",57.1,2117,2106,5,5.98693,6.49509,-0.27879,0.93526,285.67085,299.40844,2,5.1212,13.73759,8.61639000000001,-1.7524
"573",57.2,2117,2106,5,5.94225,6.60301,-0.44677,1.0792,286.26508,300.06874,2,5.1212,13.80366,8.68245999999998,-1.6798
"574",57.3,2117,2106,5,5.88916,6.73143,-0.53085,1.28426,286.85399,300.74188,2,5.1212,13.88789,8.76668999999997,-0.8408
"575",57.4,2117,2106,5,5.85095,6.88217,-0.38217,1.50738,287.43909,301.4301,2,5.1212,13.99101,8.86980999999996,1.4868
"576",57.5,2117,2106,5,5.85719,7.04625,0.06243,1.64076,288.02481,302.13473,2,5.1212,14.10992,8.98871999999999,4.446
"577",57.6,2117,2106,5,5.92222,7.20462,0.65028,1.58373,288.61703,302.85519,2,5.1212,14.23816,9.11695999999999,5.8785
"578",57.7,2117,2106,5,6.03786,7.33834,1.15642,1.33721,289.22081,303.58902,2,5.1212,14.36821,9.24701000000003,5.0614
"579",57.8,2117,2106,5,6.18523,7.43829,1.47369,0.9995,289.83934,304.33285,2,5.1212,14.49351,9.37231000000001,3.1727
"580",57.9,2117,2106,5,6.34626,7.50579,1.61031,0.67499,290.47396,305.08343,2,5.1212,14.60947,9.48827000000004,1.3662
"581",58,2117,2106,5,6.50745,7.54724,1.6119,0.41447,291.12471,305.83815,2,5.1212,14.71344,9.59223999999999,0.015900000000002
"582",58.1,2117,2106,5,6.65974,7.56935,1.52286,0.22111,291.79068,306.59509,2,5.1212,14.80441,9.68321000000002,-0.8904
"583",58.2,2117,2106,5,6.7974,7.57703,1.37665,0.07682,292.47042,307.35279,2,5.1212,14.88237,9.76117000000004,-1.4621
"584",58.3,2117,2106,5,6.917,7.57308,1.19594,-0.03951,293.16212,308.1101,2,5.1212,14.94798,9.82677999999997,-1.8071
"585",58.4,2117,2106,5,7.01653,7.55793,0.99534,-0.15154,293.86377,308.86589,2,5.1212,15.00212,9.88091999999999,-2.006
"586",58.5,2117,2106,5,7.09495,7.53249,0.78418,-0.25441,294.57327,309.61914,2,5.1212,15.04587,9.92467000000004,-2.1116
"587",58.6,2117,2106,5,7.15183,7.50695,0.56878,-0.25535,295.28845,310.36984,2,5.1212,15.08139,9.96019,-2.154
"588",58.7,2117,2106,5,7.18724,7.49846,0.35416,-0.0849,296.00718,311.11968,2,5.1212,15.1125,9.99130000000001,-2.1462
"589",58.8,2117,2106,5,7.2018,7.51272,0.14557,0.14258,296.72736,311.87095,2,5.1212,15.14359,10.02239,-2.0859
"590",58.9,2117,2106,5,7.1968,7.53925,-0.05004,0.26531,297.44704,312.62488,2,5.1212,15.17784,10.05664,-1.9561
"591",59,2117,2106,5,7.17457,7.56572,-0.22223,0.26472,298.16449,313.38145,2,5.1212,15.21696,10.09576,-1.7219
"592",59.1,2117,2106,5,7.13908,7.58676,-0.35489,0.21041,298.8784,314.14013,2,5.1212,15.26173,10.14053,-1.3266
"593",59.2,2117,2106,5,7.09669,7.60224,-0.42392,0.1548,299.58807,314.90035,2,5.1212,15.31228,10.19108,-0.6903
"594",59.3,2117,2106,5,7.05707,7.61408,-0.39619,0.11834,300.29378,315.66176,2,5.1212,15.36798,10.24678,0.2773
"595",59.4,2117,2106,5,7.03366,7.62475,-0.23416,0.10675,300.99714,316.42423,2,5.1212,15.42709,10.30589,1.6203
"596",59.5,2117,2106,5,7.04187,7.63708,0.08209,0.12329,301.70133,317.18794,2,5.1212,15.48661,10.36541,3.1625
"597",59.6,2117,2106,5,7.09228,7.65444,0.50409,0.17356,302.41056,317.95339,2,5.1212,15.54283,10.42163,4.22
"598",59.7,2117,2106,5,7.18076,7.68102,0.88482,0.26579,303.12863,318.72149,2,5.1212,15.59286,10.47166,3.8073
"599",59.8,2117,2106,5,7.28704,7.72147,1.06277,0.40451,303.85734,319.49363,2,5.1212,15.63629,10.51509,1.7795
"600",59.9,2117,2106,5,7.3869,7.78207,0.99868,0.60608,304.59603,320.27184,2,5.1212,15.67581,10.55461,-0.6409
"601",60,2117,2106,5,7.46544,7.87537,0.78535,0.93297,305.34257,321.05938,2,5.1212,15.71681,10.59561,-2.1333
"602",60.1,2117,2106,5,7.51929,8.01661,0.53848,1.4124,306.0945,321.86104,2,5.1212,15.76654,10.64534,-2.4687
"603",60.2,2117,2106,5,7.55145,8.20409,0.32167,1.87476,306.84965,322.68145,2,5.1212,15.8318,10.7106,-2.1681
"604",60.3,2117,2106,5,7.56626,8.41141,0.14804,2.07327,307.60627,323.52259,2,5.1212,15.91632,10.79512,-1.7363
"605",60.4,2117,2106,5,7.567,8.60587,0.00742,1.94453,308.36297,324.38318,2,5.1212,16.02021,10.89901,-1.4062
"606",60.5,2117,2106,5,7.5548,8.76304,-0.12195,1.57173,309.11845,325.25948,2,5.1212,16.14103,11.01983,-1.2937
"607",60.6,2117,2106,5,7.53122,8.87017,-0.23589,1.07128,309.87157,326.1465,2,5.1212,16.27493,11.15373,-1.1394
"608",60.7,2117,2106,5,7.50683,8.93225,-0.24384,0.62086,310.62226,327.03972,2,5.1212,16.41746,11.29626,-0.0795000000000001
"609",60.8,2117,2106,5,7.49895,8.96678,-0.07886,0.3453,311.37215,327.9364,2,5.1212,16.56425,11.44305,1.6498
"610",60.9,2117,2106,5,7.51343,8.9859,0.14488,0.19121,312.12349,328.83499,2,5.1212,16.7115,11.5903,2.2374
"611",61,2117,2106,5,7.54013,8.99382,0.26693,0.07917,312.87751,329.73437,2,5.1212,16.85686,11.73566,1.2205
"612",61.1,2117,2106,5,7.56694,8.99247,0.26817,-0.01354,313.6342,330.63362,2,5.1212,16.99942,11.87822,0.0124000000000002
"613",61.2,2117,2106,5,7.58866,8.98243,0.21713,-0.10038,314.39307,331.53186,2,5.1212,17.13879,12.01759,-0.5104
"614",61.3,2117,2106,5,7.60532,8.96262,0.16661,-0.19813,315.1536,332.42813,2,5.1212,17.27453,12.15333,-0.5052
"615",61.4,2117,2106,5,7.61921,8.92964,0.13892,-0.32973,315.91552,333.32109,2,5.1212,17.40557,12.28437,-0.2769
"616",61.5,2117,2106,5,7.63346,8.88631,0.14247,-0.43331,316.67887,334.20972,2,5.1212,17.53085,12.40965,0.0355000000000003
"617",61.6,2117,2106,5,7.65188,8.85127,0.1842,-0.35042,317.44405,335.09485,2,5.1212,17.6508,12.5296,0.4173
"618",61.7,2117,2106,5,7.6792,8.84397,0.27323,-0.07298,318.21197,335.97925,2,5.1212,17.76728,12.64608,0.8903
"619",61.8,2117,2106,5,7.721,8.8604,0.41805,0.16431,318.98407,336.86529,2,5.1212,17.88122,12.76002,1.4482
"620",61.9,2117,2106,5,7.78515,8.87767,0.64142,0.17268,319.76259,337.75305,2,5.1212,17.99046,12.86926,2.2337
"621",62,2117,2106,5,7.88414,8.87761,0.98989,-0.00058,320.551,338.64081,2,5.1212,18.08981,12.96861,3.4847
"622",62.1,2117,2106,5,8.02652,8.85972,1.42382,-0.17897,321.35365,339.52679,2,5.1212,18.17314,13.05194,4.3393
"623",62.2,2117,2106,5,8.20618,8.83847,1.79666,-0.21243,322.17427,340.41063,2,5.1212,18.23636,13.11516,3.7284
"624",62.3,2117,2106,5,8.40897,8.83227,2.0279,-0.06201,323.01517,341.29386,2,5.1212,18.27869,13.15749,2.3124
"625",62.4,2117,2106,5,8.62098,8.85212,2.12002,0.19848,323.87727,342.17907,2,5.1212,18.3018,13.1806,0.9212
"626",62.5,2117,2106,5,8.82878,8.89661,2.07802,0.44486,324.76015,343.06873,2,5.1212,18.30858,13.18738,-0.419999999999998
"627",62.6,2117,2106,5,9.01936,8.95408,1.9058,0.57471,325.66208,343.96414,2,5.1212,18.30206,13.18086,-1.7222
"628",62.7,2117,2106,5,9.18033,9.00999,1.6097,0.55908,326.58011,344.86514,2,5.1212,18.28503,13.16383,-2.961
"629",62.8,2117,2106,5,9.30055,9.05437,1.20223,0.4438,327.51017,345.77058,2,5.1212,18.26041,13.13921,-4.0747
"630",62.9,2117,2106,5,9.3714,9.08402,0.70846,0.29658,328.44731,346.67898,2,5.1212,18.23167,13.11047,-4.9377
"631",63,2117,2106,5,9.38926,9.09973,0.17858,0.15705,329.38624,347.58895,2,5.1212,18.20271,13.08151,-5.2988
"632",63.1,2117,2106,5,9.36047,9.10271,-0.28785,0.0298,330.32228,348.49922,2,5.1212,18.17694,13.05574,-4.6643
"633",63.2,2117,2106,5,9.31105,9.09277,-0.49425,-0.09936,331.25339,349.4085,2,5.1212,18.15511,13.03391,-2.064
"634",63.3,2117,2106,5,9.27051,9.06709,-0.40536,-0.25684,332.18044,350.31521,2,5.1212,18.13477,13.01357,0.8889
"635",63.4,2117,2106,5,9.24278,9.02192,-0.27732,-0.45172,333.10472,351.2174,2,5.1212,18.11268,12.99148,1.2804
"636",63.5,2117,2106,5,9.21967,8.96395,-0.2311,-0.57962,334.02668,352.11379,2,5.1212,18.08711,12.96591,0.4622
"637",63.6,2117,2106,5,9.19961,8.91834,-0.2006,-0.45619,334.94664,353.00563,2,5.1212,18.05899,12.93779,0.305
"638",63.7,2117,2106,5,9.184,8.90986,-0.15614,-0.08476,335.86504,353.89661,2,5.1212,18.03157,12.91037,0.4446
"639",63.8,2117,2106,5,9.17389,8.93765,-0.10104,0.27787,336.78243,354.79038,2,5.1212,18.0079500000001,12.8867500000001,0.551
"640",63.9,2117,2106,5,9.16925,8.9797,-0.04644,0.4205,337.69936,355.68835,2,5.1212,17.98899,12.86779,0.546
"641",64,2117,2106,5,9.16945,9.01441,0.00202,0.34714,338.6163,356.58979,2,5.1212,17.97349,12.85229,0.4846
"642",64.1,2117,2106,5,9.17322,9.02972,0.03772,0.15314,339.53362,357.49276,2,5.1212,17.95914,12.83794,0.357
"643",64.2,2117,2106,5,9.1761,9.02003,0.0288,-0.09696,340.45123,358.39476,2,5.1212,17.94353,12.82233,-0.0892
"644",64.3,2117,2106,5,9.167,8.98825,-0.09099,-0.31781,341.36793,359.29359,2,5.1212,17.92566,12.80446,-1.1979
"645",64.4,2117,2106,5,9.13229,8.95522,-0.34714,-0.33025,342.28116,360.18911,2,5.1212,17.90795,12.78675,-2.5615
"646",64.5,2117,2106,5,9.0676,8.94889,-0.64689,-0.06334,343.18792,361.084,2,5.1212,17.89608,12.77488,-2.9975
"647",64.6,2117,2106,5,8.9834,8.97567,-0.84203,0.26781,344.08626,361.98157,2,5.1212,17.89531,12.77411,-1.9514
"648",64.7,2117,2106,5,8.89997,9.01844,-0.83425,0.42775,344.97626,362.88341,2,5.1212,17.90715,12.78595,0.077799999999999
"649",64.8,2117,2106,5,8.84004,9.05921,-0.59936,0.40769,345.86026,363.78933,2,5.1212,17.92907,12.80787,2.3489
"650",64.9,2117,2106,5,8.82053,9.09037,-0.19503,0.31154,346.74232,364.69837,2,5.1212,17.95605,12.83485,4.0433
"651",65,2117,2106,5,8.8434,9.11158,0.22868,0.21209,347.62666,365.60953,2,5.1212,17.98287,12.86167,4.2371
"652",65.1,2117,2106,5,8.89383,9.12512,0.50424,0.13549,348.51604,366.52204,2,5.1212,18.006,12.8848,2.7556
"653",65.2,2117,2106,5,8.95086,9.13343,0.57036,0.08307,349.41113,367.43538,2,5.1212,18.02425,12.90305,0.6612
"654",65.3,2117,2106,5,8.99987,9.13831,0.49005,0.04876,350.31111,368.34921,2,5.1212,18.0381,12.9169,-0.8031
"655",65.4,2117,2106,5,9.03572,9.14098,0.35857,0.02676,351.21469,369.26331,2,5.1212,18.04862,12.92742,-1.3148
"656",65.5,2117,2106,5,9.05911,9.14223,0.23386,0.01248,352.1206,370.17754,2,5.1212,18.05694,12.93574,-1.2471
"657",65.6,2117,2106,5,9.07254,9.14241,0.13427,0.00178,353.02785,371.09178,2,5.1212,18.06393,12.94273,-0.9959
"658",65.7,2117,2106,5,9.07832,9.14152,0.05782,-0.00887,353.93568,372.00593,2,5.1212,18.07025,12.94905,-0.7645
"659",65.8,2117,2106,5,9.07772,9.13931,-0.00596,-0.02208,354.84345,372.91986,2,5.1212,18.07641,12.95521,-0.6378
"660",65.9,2117,2106,5,9.07075,9.13527,-0.06975,-0.04045,355.75053,373.83339,2,5.1212,18.08286,12.96166,-0.6379
"661",66,2117,2106,5,9.05634,9.12844,-0.14407,-0.06826,356.65616,374.74623,2,5.1212,18.09007,12.96887,-0.7432
"662",66.1,2117,2106,5,9.03228,9.11752,-0.24062,-0.10926,357.55939,375.65798,2,5.1212,18.09859,12.97739,-0.9655
"663",66.2,2117,2106,5,8.99653,9.10154,-0.35745,-0.15976,358.45904,376.56814,2,5.1212,18.1091,12.9879,-1.1683
"664",66.3,2117,2106,5,8.95514,9.0833,-0.41393,-0.18241,359.35456,377.47647,2,5.1212,18.12191,13.00071,-0.5648
"665",66.4,2117,2106,5,8.92703,9.0762,-0.28109,-0.07101,360.24726,378.38409,2,5.1212,18.13683,13.01563,1.3284
"666",66.5,2117,2106,5,8.92905,9.10487,0.02017,0.2867,361.14017,379.29457,2,5.1212,18.1544,13.0332,3.0126
"667",66.6,2117,2106,5,8.95798,9.18998,0.28932,0.85115,362.03596,380.21357,2,5.1212,18.17761,13.05641,2.6915
"668",66.7,2117,2106,5,8.99664,9.32946,0.3866,1.39476,362.93563,381.14652,2,5.1212,18.21089,13.08969,0.9728
"669",66.8,2117,2106,5,9.03115,9.49646,0.34507,1.66995,363.83874,382.09616,2,5.1212,18.25742,13.13622,-0.4153
"670",66.9,2117,2106,5,9.05664,9.65675,0.2549,1.603,364.74441,383.06184,2,5.1212,18.31743,13.19623,-0.9017
"671",67,2117,2106,5,9.07364,9.78846,0.17003,1.31707,365.65177,384.04069,2,5.1212,18.38892,13.26772,-0.8487
"672",67.1,2117,2106,5,9.08435,9.88773,0.10706,0.99267,366.56021,385.02946,2,5.1212,18.46925,13.34805,-0.6297
"673",67.2,2117,2106,5,9.09088,9.96032,0.06534,0.72586,367.46929,386.02549,2,5.1212,18.5562,13.435,-0.4172
"674",67.3,2117,2106,5,9.0948,10.00894,0.03915,0.48622,368.37877,387.02638,2,5.1212,18.64761,13.52641,-0.2619
"675",67.4,2117,2106,5,9.09708,10.03078,0.02288,0.21842,369.28848,388.02946,2,5.1212,18.74098,13.61978,-0.1627
"676",67.5,2117,2106,5,9.09837,10.02663,0.01282,-0.0415,370.19832,389.03212,2,5.1212,18.8338,13.7126,-0.1006
"677",67.6,2117,2106,5,9.09905,10.00338,0.00689,-0.23246,371.10822,390.03246,2,5.1212,18.92424,13.80304,-0.0593
"678",67.7,2117,2106,5,9.09941,9.96606,0.00361,-0.37319,372.01816,391.02907,2,5.1212,19.01091,13.88971,-0.0328
"679",67.8,2117,2106,5,9.09962,9.91292,0.00205,-0.53142,372.92813,392.02036,2,5.1212,19.09223,13.97103,-0.0156
"680",67.9,2117,2106,5,9.09979,9.8368,0.00168,-0.76127,373.83811,393.00404,2,5.1212,19.16593,14.04473,-0.0037
"681",68,2117,2106,5,9.09997,9.73049,0.00181,-1.06304,374.7481,393.97709,2,5.1212,19.22899,14.10779,0.0013
"682",68.1,2117,2106,5,9.10015,9.59565,0.00179,-1.34846,375.65812,394.93665,2,5.1212,19.27853,14.15733,-0.000200000000000001
"683",68.2,2117,2106,5,9.10032,9.44553,0.00174,-1.50112,376.56815,395.88121,2,5.1212,19.31306,14.19186,-0.000499999999999999
"684",68.3,2117,2106,5,9.10054,9.29588,0.00219,-1.49656,377.4782,396.8108,2,5.1212,19.3326,14.2114,0.0045
"685",68.4,2117,2106,5,9.10088,9.15598,0.00335,-1.39902,378.38829,397.72639,2,5.1212,19.3381,14.2169,0.0116
"686",68.5,2117,2106,5,9.10144,9.02895,0.0056,-1.2703,379.29843,398.62929,2,5.1212,19.33086,14.20966,0.0225
"687",68.6,2117,2106,5,9.10244,8.9152,0.01,-1.13743,380.20868,399.52081,2,5.1212,19.31213,14.19093,0.044
"688",68.7,2117,2106,5,9.10419,8.81436,0.01758,-1.00841,381.1191,400.40224,2,5.1212,19.28314,14.16194,0.0758
"689",68.8,2117,2106,5,9.10712,8.72592,0.02929,-0.88438,382.02981,401.27484,2,5.1212,19.24503,14.12383,0.1171
"690",68.9,2117,2106,5,9.11181,8.64948,0.04687,-0.76439,382.94099,402.13979,2,5.1212,19.1988,14.0776,0.1758
"691",69,2117,2106,5,9.11905,8.58477,0.0724,-0.64717,383.8529,402.99826,2,5.1212,19.14536,14.02416,0.2553
"692",69.1,2117,2106,5,9.13019,8.53161,0.11136,-0.5316,384.76591,403.85142,2,5.1212,19.08551,13.96431,0.3896
"693",69.2,2117,2106,5,9.14574,8.48993,0.15559,-0.41679,385.68049,404.70042,2,5.1212,19.01993,13.89873,0.4423
"694",69.3,2117,2106,5,9.16073,8.45973,0.14989,-0.30198,386.59656,405.54639,2,5.1212,18.94983,13.82863,-0.0570000000000001
"695",69.4,2117,2106,5,9.16605,8.44109,0.05322,-0.18636,387.51317,406.3905,2,5.1212,18.87733,13.75613,-0.9667
"696",69.5,2117,2106,5,9.15875,8.4342,-0.07308,-0.06892,388.42904,407.23392,2,5.1212,18.80488,13.68368,-1.263
"697",69.6,2117,2106,5,9.14466,8.43939,-0.14082,0.05185,389.34351,408.07786,2,5.1212,18.73435,13.61315,-0.6774
"698",69.7,2117,2106,5,9.13065,8.4572,-0.14017,0.17811,390.25657,408.92358,2,5.1212,18.66701,13.54581,0.00650000000000012
"699",69.8,2117,2106,5,9.11972,8.48849,-0.10927,0.31292,391.16855,409.77243,2,5.1212,18.60388,13.48268,0.309
"700",69.9,2117,2106,5,9.11215,8.53449,-0.07575,0.45996,392.07976,410.62587,2,5.1212,18.54611,13.42491,0.3352
"701",70,2117,2106,5,9.10726,8.59668,-0.04889,0.62196,392.99049,411.48554,2,5.1212,18.49505,13.37385,0.2686
"702",70.1,2117,2106,5,9.10427,8.67624,-0.02991,0.7956,393.90091,412.35317,2,5.1212,18.45226,13.33106,0.1898
"703",70.2,2117,2106,5,9.10248,8.77197,-0.01785,0.95724,394.81116,413.23036,2,5.1212,18.4192,13.298,0.1206
"704",70.3,2117,2106,5,9.1014,8.87609,-0.01078,1.04126,395.7213,414.11797,2,5.1212,18.39667,13.27547,0.0707
"705",70.4,2117,2106,5,9.10074,8.97253,-0.00661,0.96443,396.63137,415.01523,2,5.1212,18.38386,13.26266,0.0417
"706",70.5,2117,2106,5,9.10033,9.045,-0.00408,0.7246,397.54141,415.91973,2,5.1212,18.37832,13.25712,0.0253
"707",70.6,2117,2106,5,9.1001,9.08818,-0.00237,0.43189,398.45142,416.82854,2,5.1212,18.37712,13.25592,0.0171
"708",70.7,2117,2106,5,9.1,9.10743,-0.00098,0.19249,399.36142,417.73929,2,5.1212,18.37787,13.25667,0.0139
"709",70.8,2117,2106,5,9.1,9.10968,-2e-05,0.02248,400.27142,418.65026,2,5.1212,18.37884,13.25764,0.0096
"710",70.9,2117,2106,5,9.10002,9.09805,0.00021,-0.11632,401.18142,419.56006,2,5.1212,18.37864,13.25744,0.0023
"711",71,2117,2106,5,9.10002,9.07089,0,-0.27159,402.09142,420.46715,2,5.1212,18.37573,13.25453,-0.0021
"712",71.1,2117,2106,5,9.10002,9.02472,0,-0.46168,403.00142,421.36962,2,5.1212,18.3682,13.247,0
"713",71.2,2117,2106,5,9.10004,8.96643,0.00027,-0.58292,403.91143,422.26627,2,5.1212,18.35484,13.23364,0.0027
"714",71.3,2117,2106,5,9.10006,8.92141,0.00021,-0.45017,404.82143,423.15841,2,5.1212,18.33698,13.21578,-6e-04
"715",71.4,2117,2106,5,9.10004,8.91474,-0.00026,-0.06674,405.73144,424.04988,2,5.1212,18.31844,13.19724,-0.0047
"716",71.5,2117,2106,5,9.09996,8.94608,-0.00082,0.31344,406.64143,424.94449,2,5.1212,18.30306,13.18186,-0.0056
"717",71.6,2117,2106,5,9.09979,8.99466,-0.00161,0.48579,407.55141,425.84395,2,5.1212,18.29254,13.17134,-0.0079
"718",71.7,2117,2106,5,9.09952,9.04089,-0.00276,0.46229,408.46136,426.74804,2,5.1212,18.28668,13.16548,-0.0115
"719",71.8,2117,2106,5,9.09912,9.07579,-0.00403,0.34902,409.37127,427.65562,2,5.1212,18.28435,13.16315,-0.0127
"720",71.9,2117,2106,5,9.09849,9.09806,-0.0063,0.22264,410.28112,428.56543,2,5.1212,18.28431,13.16311,-0.0227
"721",72,2117,2106,5,9.0979,9.10918,-0.00586,0.11128,411.19091,429.47635,2,5.1212,18.2854400000001,13.1642400000001,0.0044
"722",72.1,2117,2106,5,9.09814,9.11054,0.00239,0.01355,412.10073,430.3874,2,5.1212,18.28667,13.16547,0.0825
"723",72.2,2117,2106,5,9.09869,9.10211,0.0055,-0.0843,413.0106,431.29761,2,5.1212,18.28701,13.16581,0.0311
"724",72.3,2117,2106,5,9.09873,9.0822,0.00044,-0.19911,413.92047,432.20583,2,5.1212,18.28536,13.16416,-0.0506
"725",72.4,2117,2106,5,9.10025,9.04795,0.01514,-0.34246,414.83049,433.11063,2,5.1212,18.28014,13.15894,0.147
"726",72.5,2117,2106,5,9.10544,8.99779,0.05193,-0.50166,415.74104,434.01041,2,5.1212,18.26937,13.14817,0.3679
"727",72.6,2117,2106,5,9.11341,8.93501,0.07966,-0.62772,416.65238,434.90391,2,5.1212,18.25153,13.13033,0.2773
"728",72.7,2117,2106,5,9.12185,8.86811,0.0844,-0.66906,417.56456,435.79072,2,5.1212,18.22616,13.10496,0.0474000000000001
"729",72.8,2117,2106,5,9.12915,8.80736,0.07308,-0.60746,418.47748,436.67145,2,5.1212,18.19397,13.07277,-0.1132
"730",72.9,2117,2106,5,9.13467,8.76406,0.05519,-0.43299,419.39095,437.54786,2,5.1212,18.15691,13.03571,-0.1789
"731",73,2117,2106,5,9.13844,8.75141,0.03765,-0.12658,420.30479,438.423,2,5.1212,18.11821,12.99701,-0.1754
"732",73.1,2117,2106,5,9.14083,8.77893,0.02395,0.2752,421.21887,439.30089,2,5.1212,18.08202,12.96082,-0.137
"733",73.2,2117,2106,5,9.14232,8.84184,0.01489,0.62916,422.13311,440.18508,2,5.1212,18.05197,12.93077,-0.0906
"734",73.3,2117,2106,5,9.14327,8.92034,0.00949,0.78496,423.04743,441.07711,2,5.1212,18.02968,12.90848,-0.054
"735",73.4,2117,2106,5,9.14388,8.99333,0.00606,0.72995,423.96182,441.97645,2,5.1212,18.01463,12.89343,-0.0343
"736",73.5,2117,2106,5,9.14423,9.05036,0.00349,0.57025,424.87624,442.88148,2,5.1212,18.00524,12.88404,-0.0257
"737",73.6,2117,2106,5,9.14437,9.09118,0.00142,0.40817,425.79068,443.7906,2,5.1212,17.99992,12.87872,-0.0207
"738",73.7,2117,2106,5,9.14433,9.12011,-0.00041,0.2893,426.70511,444.70261,2,5.1212,17.9975,12.8763,-0.0183
"739",73.8,2117,2106,5,9.14413,9.14233,-0.00192,0.2222,427.61953,445.61684,2,5.1212,17.99731,12.87611,-0.0151
"740",73.9,2117,2106,5,9.14391,9.16273,-0.00222,0.20408,428.53392,446.53312,2,5.1212,17.9992,12.878,-0.003
"741",74,2117,2106,5,9.14382,9.18511,-0.00093,0.22377,429.4483,447.45163,2,5.1212,18.00333,12.88213,0.0129
"742",74.1,2117,2106,5,9.14386,9.21053,0.00044,0.2542,430.36269,448.37268,2,5.1212,18.00999,12.88879,0.0137
"743",74.2,2117,2106,5,9.14389,9.23717,0.00029,0.26641,431.27707,449.2964,2,5.1212,18.01933,12.89813,-0.0015
